,time,acc_x,acc_y,acc_z,gyro_x,gyro_y,gyro_z
0,2025-03-14 17:00:03.180000,0.9067383,0.28222656,0.23242188,0.18310545,0.67138666,-0.67138666
1,2025-03-14 17:00:03.190000,0.9057617,0.28295898,0.234375,-0.122070305,1.0986328,-0.67138666
2,2025-03-14 17:00:03.200000,0.9055176,0.2836914,0.23535156,-0.122070305,1.3427733,-0.61035156
3,2025-03-14 17:00:03.210000,0.90478516,0.28295898,0.2368164,0.0,1.0986328,-0.61035156
4,2025-03-14 17:00:03.220000,0.9038086,0.28295898,0.23925781,0.18310545,0.7324218,-0.5493164
5,2025-03-14 17:00:03.230000,0.9057617,0.28710938,0.23583984,0.42724606,0.42724606,-0.48828122
6,2025-03-14 17:00:03.240000,0.9082031,0.2841797,0.23242188,0.48828122,0.3662109,-0.5493164
7,2025-03-14 17:00:03.250000,0.9067383,0.28320312,0.23413086,0.24414061,0.793457,-0.5493164
8,2025-03-14 17:00:03.260000,0.90478516,0.28564453,0.23413086,-0.122070305,1.159668,-0.48828122
9,2025-03-14 17:00:03.270000,0.9069824,0.28393555,0.2397461,-0.122070305,0.793457,-0.5493164
10,2025-03-14 17:00:03.280000,0.9086914,0.28295898,0.23803711,0.122070305,0.18310545,-0.48828122
11,2025-03-14 17:00:03.290000,0.9069824,0.28149414,0.23339844,-0.061035153,0.061035153,-0.42724606
12,2025-03-14 17:00:03.300000,0.9069824,0.28051758,0.23071289,-0.24414061,0.3662109,-0.42724606
13,2025-03-14 17:00:03.310000,0.90625,0.28149414,0.23388672,-0.42724606,0.7324218,-0.42724606
14,2025-03-14 17:00:03.320000,0.9069824,0.28100586,0.23510742,-0.61035156,0.48828122,-0.30517578
15,2025-03-14 17:00:03.330000,0.9057617,0.27954102,0.23144531,-0.48828122,-0.18310545,-0.30517578
16,2025-03-14 17:00:03.340000,0.90649414,0.28027344,0.22998047,-0.48828122,-0.3662109,-0.30517578
17,2025-03-14 17:00:03.350000,0.9069824,0.28320312,0.22875977,-0.67138666,-0.18310545,-0.3662109
18,2025-03-14 17:00:03.360000,0.9067383,0.28222656,0.23095703,-1.0375977,0.061035153,-0.3662109
19,2025-03-14 17:00:03.370000,0.9069824,0.28271484,0.23144531,-1.0375977,0.30517578,-0.42724606
20,2025-03-14 17:00:03.380000,0.9067383,0.2836914,0.2355957,-0.97656244,0.48828122,-0.3662109
21,2025-03-14 17:00:03.390000,0.90405273,0.28710938,0.23876953,-0.7324218,0.5493164,-0.42724606
22,2025-03-14 17:00:03.400000,0.9074707,0.28759766,0.24194336,-0.61035156,0.3662109,-0.42724606
23,2025-03-14 17:00:03.410000,0.9074707,0.2861328,0.24194336,-0.67138666,-0.122070305,-0.30517578
24,2025-03-14 17:00:03.420000,0.9074707,0.28222656,0.24267578,-0.8544921,-0.42724606,-0.24414061
25,2025-03-14 17:00:03.430000,0.9082031,0.28295898,0.23999023,-0.8544921,-0.42724606,-0.30517578
26,2025-03-14 17:00:03.440000,0.9111328,0.2836914,0.23876953,-0.61035156,-0.48828122,-0.24414061
27,2025-03-14 17:00:03.450000,0.91015625,0.28295898,0.23388672,-0.5493164,-0.793457,-0.18310545
28,2025-03-14 17:00:03.460000,0.90966797,0.28393555,0.23266602,-0.5493164,-0.97656244,-0.30517578
29,2025-03-14 17:00:03.470000,0.90966797,0.28222656,0.23022461,-0.18310545,-1.0375977,-0.30517578
30,2025-03-14 17:00:03.480000,0.9086914,0.28149414,0.22631836,-0.061035153,-0.7324218,-0.42724606
31,2025-03-14 17:00:03.490000,0.90771484,0.28222656,0.22607422,-0.061035153,-0.30517578,-0.5493164
32,2025-03-14 17:00:03.500000,0.9074707,0.28222656,0.22485352,-0.30517578,0.061035153,-0.5493164
33,2025-03-14 17:00:03.510000,0.9067383,0.28100586,0.22460938,-0.3662109,0.30517578,-0.67138666
34,2025-03-14 17:00:03.520000,0.9038086,0.28100586,0.2253418,-0.3662109,0.48828122,-0.67138666
35,2025-03-14 17:00:03.530000,0.90527344,0.28295898,0.2290039,-0.5493164,0.42724606,-0.5493164
36,2025-03-14 17:00:03.540000,0.90600586,0.2849121,0.22924805,-0.61035156,0.48828122,-0.5493164
37,2025-03-14 17:00:03.550000,0.9042969,0.28564453,0.23046875,-0.7324218,0.61035156,-0.48828122
38,2025-03-14 17:00:03.560000,0.90478516,0.28710938,0.23339844,-0.7324218,0.7324218,-0.48828122
39,2025-03-14 17:00:03.570000,0.90722656,0.2849121,0.23339844,-0.7324218,0.97656244,-0.42724606
40,2025-03-14 17:00:03.590000,0.9067383,0.28466797,0.23706055,-0.8544921,1.0986328,-0.3662109
41,2025-03-14 17:00:03.600000,0.90649414,0.28320312,0.23388672,-0.97656244,1.2817382,-0.48828122
42,2025-03-14 17:00:03.610000,0.90771484,0.28051758,0.23510742,-1.0375977,1.4038085,-0.48828122
43,2025-03-14 17:00:03.620000,0.9069824,0.27856445,0.23754883,-0.97656244,1.2207031,-0.42724606
44,2025-03-14 17:00:03.629999,0.90600586,0.28076172,0.234375,-1.2817382,1.2207031,-0.42724606
45,2025-03-14 17:00:03.639999,0.9050293,0.28149414,0.23632812,-1.6479491,1.2817382,-0.30517578
46,2025-03-14 17:00:03.649999,0.90478516,0.2824707,0.23510742,-2.0751953,1.0375977,-0.30517578
47,2025-03-14 17:00:03.659999,0.90649414,0.2861328,0.23706055,-2.319336,0.67138666,-0.18310545
48,2025-03-14 17:00:03.669999,0.9069824,0.2849121,0.23876953,-2.0141602,0.30517578,-0.061035153
49,2025-03-14 17:00:03.679999,0.9094238,0.28149414,0.23876953,-1.0375977,-0.3662109,-0.061035153
50,2025-03-14 17:00:03.690000,0.9111328,0.28320312,0.23535156,-0.30517578,-0.67138666,-0.30517578
51,2025-03-14 17:00:03.700000,0.9094238,0.28686523,0.23046875,-0.61035156,-0.42724606,-0.30517578
52,2025-03-14 17:00:03.710000,0.9057617,0.28198242,0.22851562,-1.2817382,0.061035153,-0.24414061
53,2025-03-14 17:00:03.720000,0.90283203,0.28051758,0.22875977,-1.7089843,0.67138666,-0.18310545
54,2025-03-14 17:00:03.730000,0.90405273,0.28051758,0.23388672,-1.5258788,0.67138666,-0.122070305
55,2025-03-14 17:00:03.740000,0.90649414,0.27978516,0.2355957,-1.4038085,0.061035153,0.061035153
56,2025-03-14 17:00:03.750000,0.90625,0.28076172,0.23217773,-1.586914,-0.48828122,0.0
57,2025-03-14 17:00:03.760000,0.9067383,0.28149414,0.23071289,-1.4648436,-0.3662109,-0.061035153
58,2025-03-14 17:00:03.770000,0.9067383,0.28027344,0.23168945,-1.7089843,0.24414061,-0.061035153
59,2025-03-14 17:00:03.780000,0.90600586,0.27954102,0.2331543,-1.9531249,0.7324218,-0.122070305
60,2025-03-14 17:00:03.790000,0.9069824,0.28100586,0.23779297,-2.0141602,0.61035156,-0.122070305
61,2025-03-14 17:00:03.800000,0.90771484,0.28442383,0.24047852,-2.1362305,0.3662109,-0.061035153
62,2025-03-14 17:00:03.810000,0.90893555,0.28588867,0.24145508,-2.4414062,0.18310545,0.061035153
63,2025-03-14 17:00:03.820000,0.90771484,0.28271484,0.23803711,-2.319336,0.24414061,-0.061035153
64,2025-03-14 17:00:03.830000,0.9099121,0.27807617,0.2368164,-1.9531249,0.48828122,-0.061035153
65,2025-03-14 17:00:03.840000,0.9123535,0.27124023,0.23999023,-1.6479491,0.67138666,-0.18310545
66,2025-03-14 17:00:03.850000,0.9091797,0.2746582,0.2397461,-1.2817382,0.48828122,-0.3662109
67,2025-03-14 17:00:03.860000,0.90771484,0.2775879,0.23706055,-0.9155273,0.24414061,-0.42724606
68,2025-03-14 17:00:03.870000,0.9067383,0.27929688,0.23608398,-0.48828122,-0.061035153,-0.48828122
69,2025-03-14 17:00:03.879999,0.9094238,0.27954102,0.234375,-0.3662109,-0.30517578,-0.48828122
70,2025-03-14 17:00:03.889999,0.9082031,0.2824707,0.23413086,-0.48828122,-0.30517578,-0.61035156
71,2025-03-14 17:00:03.900000,0.9057617,0.27978516,0.22875977,-0.42724606,-0.24414061,-0.5493164
72,2025-03-14 17:00:03.910000,0.9030762,0.28125,0.2277832,-0.30517578,0.122070305,-0.61035156
73,2025-03-14 17:00:03.920000,0.9055176,0.28222656,0.22851562,-0.3662109,0.61035156,-0.67138666
74,2025-03-14 17:00:03.930000,0.90625,0.28344727,0.2355957,-0.48828122,0.8544921,-0.67138666
75,2025-03-14 17:00:03.940000,0.90478516,0.2836914,0.23754883,-0.67138666,0.8544921,-0.61035156
76,2025-03-14 17:00:03.950000,0.9067383,0.28344727,0.23608398,-0.7324218,0.61035156,-0.48828122
77,2025-03-14 17:00:03.960000,0.90844727,0.28344727,0.23803711,-0.67138666,0.5493164,-0.42724606
78,2025-03-14 17:00:03.970000,0.9086914,0.28051758,0.23632812,-0.42724606,0.61035156,-0.42724606
79,2025-03-14 17:00:03.980000,0.90893555,0.27441406,0.23535156,-0.3662109,0.7324218,-0.5493164
80,2025-03-14 17:00:03.990000,0.90966797,0.2763672,0.23950195,-0.42724606,0.793457,-0.67138666
81,2025-03-14 17:00:04.000000,0.9055176,0.2783203,0.23535156,-0.24414061,0.67138666,-0.67138666
82,2025-03-14 17:00:04.010000,0.9057617,0.2775879,0.23632812,-0.18310545,0.5493164,-0.67138666
83,2025-03-14 17:00:04.020000,0.9067383,0.27783203,0.2368164,-0.18310545,0.122070305,-0.7324218
84,2025-03-14 17:00:04.030000,0.90600586,0.2783203,0.23779297,-0.3662109,-0.24414061,-0.61035156
85,2025-03-14 17:00:04.040000,0.9055176,0.27807617,0.23706055,-0.42724606,-0.24414061,-0.48828122
86,2025-03-14 17:00:04.050000,0.90625,0.28173828,0.23583984,-0.42724606,0.0,-0.5493164
87,2025-03-14 17:00:04.060000,0.90405273,0.28076172,0.2331543,-0.42724606,0.30517578,-0.61035156
88,2025-03-14 17:00:04.070000,0.90405273,0.27954102,0.23486328,-0.5493164,0.48828122,-0.61035156
89,2025-03-14 17:00:04.080000,0.90478516,0.28198242,0.23657227,-0.61035156,0.42724606,-0.5493164
90,2025-03-14 17:00:04.090000,0.90527344,0.28271484,0.23754883,-0.5493164,0.3662109,-0.5493164
91,2025-03-14 17:00:04.100000,0.9057617,0.28222656,0.23632812,-0.793457,0.42724606,-0.48828122
92,2025-03-14 17:00:04.110000,0.9069824,0.28027344,0.23632812,-0.793457,0.61035156,-0.48828122
93,2025-03-14 17:00:04.120000,0.9074707,0.28051758,0.23706055,-0.7324218,0.7324218,-0.42724606
94,2025-03-14 17:00:04.130000,0.9069824,0.28271484,0.23950195,-0.67138666,0.5493164,-0.3662109
95,2025-03-14 17:00:04.140000,0.90527344,0.27929688,0.23754883,-0.48828122,0.30517578,-0.42724606
96,2025-03-14 17:00:04.150000,0.90844727,0.27929688,0.23950195,-0.42724606,0.24414061,-0.48828122
97,2025-03-14 17:00:04.160000,0.907959,0.28051758,0.23754883,-0.48828122,0.24414061,-0.48828122
98,2025-03-14 17:00:04.170000,0.90771484,0.2788086,0.23510742,-0.48828122,0.24414061,-0.48828122
99,2025-03-14 17:00:04.180000,0.90625,0.27539062,0.23657227,-0.61035156,0.48828122,-0.42724606
100,2025-03-14 17:00:04.190000,0.904541,0.27539062,0.23461914,-0.67138666,0.61035156,-0.48828122
101,2025-03-14 17:00:04.200000,0.90771484,0.2770996,0.23364258,-0.67138666,0.67138666,-0.48828122
102,2025-03-14 17:00:04.210000,0.9074707,0.27929688,0.23413086,-0.7324218,0.67138666,-0.48828122
103,2025-03-14 17:00:04.220000,0.9042969,0.27807617,0.23706055,-0.8544921,0.793457,-0.48828122
104,2025-03-14 17:00:04.230000,0.904541,0.2788086,0.23510742,-1.2207031,0.8544921,-0.42724606
105,2025-03-14 17:00:04.240000,0.9074707,0.27929688,0.23608398,-1.2817382,0.793457,-0.42724606
106,2025-03-14 17:00:04.250000,0.9086914,0.28051758,0.23925781,-1.0375977,0.7324218,-0.48828122
107,2025-03-14 17:00:04.260000,0.9082031,0.28295898,0.23754883,-1.0375977,0.61035156,-0.48828122
108,2025-03-14 17:00:04.270000,0.9069824,0.28271484,0.23803711,-0.97656244,0.5493164,-0.3662109
109,2025-03-14 17:00:04.280000,0.9074707,0.28320312,0.2397461,-0.8544921,0.7324218,-0.42724606
110,2025-03-14 17:00:04.290000,0.90600586,0.27954102,0.24291992,-0.61035156,0.8544921,-0.48828122
111,2025-03-14 17:00:04.300000,0.9086914,0.27905273,0.24267578,-0.48828122,0.67138666,-0.48828122
112,2025-03-14 17:00:04.310000,0.907959,0.28076172,0.24072266,-0.42724606,0.3662109,-0.61035156
113,2025-03-14 17:00:04.320000,0.9086914,0.28198242,0.2409668,-0.3662109,0.18310545,-0.5493164
114,2025-03-14 17:00:04.330000,0.90844727,0.28027344,0.23852539,-0.24414061,0.061035153,-0.5493164
115,2025-03-14 17:00:04.340000,0.90844727,0.2800293,0.23828125,-0.18310545,0.061035153,-0.5493164
116,2025-03-14 17:00:04.350000,0.90844727,0.28125,0.23999023,-0.3662109,-0.061035153,-0.48828122
117,2025-03-14 17:00:04.360000,0.9074707,0.28222656,0.23828125,-0.42724606,-0.061035153,-0.42724606
118,2025-03-14 17:00:04.370000,0.9074707,0.28100586,0.23583984,-0.48828122,0.061035153,-0.3662109
119,2025-03-14 17:00:04.380000,0.9091797,0.28295898,0.23828125,-0.42724606,0.122070305,-0.42724606
120,2025-03-14 17:00:04.390000,0.90844727,0.28076172,0.23535156,-0.122070305,-0.061035153,-0.42724606
121,2025-03-14 17:00:04.400000,0.9074707,0.28076172,0.23657227,-0.061035153,0.061035153,-0.48828122
122,2025-03-14 17:00:04.410000,0.907959,0.27954102,0.23901367,-0.18310545,0.42724606,-0.42724606
123,2025-03-14 17:00:04.420000,0.9055176,0.2783203,0.24023438,-0.30517578,0.5493164,-0.3662109
124,2025-03-14 17:00:04.430000,0.90478516,0.28027344,0.24072266,-0.48828122,0.30517578,-0.30517578
125,2025-03-14 17:00:04.440000,0.90527344,0.27929688,0.23852539,-0.48828122,0.0,-0.3662109
126,2025-03-14 17:00:04.450000,0.9069824,0.27807617,0.23852539,-0.30517578,0.0,-0.42724606
127,2025-03-14 17:00:04.460000,0.907959,0.2783203,0.23950195,-0.061035153,0.061035153,-0.5493164
128,2025-03-14 17:00:04.470000,0.91015625,0.2788086,0.23852539,0.18310545,0.122070305,-0.67138666
129,2025-03-14 17:00:04.480000,0.9094238,0.2800293,0.23876953,0.24414061,0.30517578,-0.7324218
130,2025-03-14 17:00:04.490000,0.9086914,0.2800293,0.23852539,0.24414061,0.42724606,-0.793457
131,2025-03-14 17:00:04.500000,0.9074707,0.2783203,0.23583984,0.30517578,0.5493164,-0.793457
132,2025-03-14 17:00:04.510000,0.9057617,0.27954102,0.23779297,0.24414061,0.5493164,-0.793457
133,2025-03-14 17:00:04.520000,0.904541,0.28076172,0.23608398,0.24414061,0.48828122,-0.793457
134,2025-03-14 17:00:04.530000,0.90405273,0.28125,0.23583984,0.18310545,0.24414061,-0.61035156
135,2025-03-14 17:00:04.540000,0.90625,0.28076172,0.234375,0.0,0.18310545,-0.61035156
136,2025-03-14 17:00:04.550000,0.9067383,0.28100586,0.23706055,-0.122070305,0.24414061,-0.5493164
137,2025-03-14 17:00:04.560000,0.90893555,0.2824707,0.23388672,-0.24414061,0.18310545,-0.5493164
138,2025-03-14 17:00:04.570000,0.90966797,0.28222656,0.23754883,-0.3662109,0.24414061,-0.5493164
139,2025-03-14 17:00:04.580000,0.9074707,0.28027344,0.24121094,-0.3662109,0.3662109,-0.48828122
140,2025-03-14 17:00:04.590000,0.90600586,0.27905273,0.23852539,-0.18310545,0.3662109,-0.5493164
141,2025-03-14 17:00:04.600000,0.9057617,0.2788086,0.23583984,-0.18310545,0.48828122,-0.48828122
142,2025-03-14 17:00:04.610000,0.90649414,0.27954102,0.23950195,-0.24414061,0.61035156,-0.5493164
143,2025-03-14 17:00:04.620000,0.90722656,0.28149414,0.23779297,-0.30517578,0.42724606,-0.5493164
144,2025-03-14 17:00:04.630000,0.9074707,0.28173828,0.23657227,-0.3662109,0.122070305,-0.48828122
145,2025-03-14 17:00:04.640000,0.90722656,0.28173828,0.23413086,-0.3662109,0.122070305,-0.48828122
146,2025-03-14 17:00:04.650000,0.90405273,0.28027344,0.23657227,-0.24414061,0.24414061,-0.48828122
147,2025-03-14 17:00:04.660000,0.9067383,0.2788086,0.2368164,-0.18310545,0.24414061,-0.5493164
148,2025-03-14 17:00:04.670000,0.90771484,0.28295898,0.23461914,-0.3662109,0.18310545,-0.42724606
149,2025-03-14 17:00:04.680000,0.90722656,0.28125,0.2355957,-0.48828122,0.18310545,-0.3662109
150,2025-03-14 17:00:04.690000,0.9057617,0.27954102,0.23632812,-0.42724606,0.3662109,-0.3662109
151,2025-03-14 17:00:04.700000,0.904541,0.28125,0.23730469,-0.48828122,0.3662109,-0.3662109
152,2025-03-14 17:00:04.710000,0.9050293,0.28271484,0.23828125,-0.48828122,0.30517578,-0.3662109
153,2025-03-14 17:00:04.720000,0.90625,0.28222656,0.23779297,-0.67138666,0.30517578,-0.30517578
154,2025-03-14 17:00:04.730000,0.9074707,0.28125,0.23583984,-0.8544921,0.42724606,-0.30517578
155,2025-03-14 17:00:04.740000,0.9082031,0.27978516,0.23486328,-0.793457,0.5493164,-0.30517578
156,2025-03-14 17:00:04.750000,0.9069824,0.28051758,0.2368164,-0.61035156,0.5493164,-0.42724606
157,2025-03-14 17:00:04.760000,0.9057617,0.28100586,0.23999023,-0.61035156,0.61035156,-0.3662109
158,2025-03-14 17:00:04.770000,0.9069824,0.27954102,0.23876953,-0.61035156,0.48828122,-0.42724606
159,2025-03-14 17:00:04.780000,0.9057617,0.2788086,0.23852539,-0.48828122,0.48828122,-0.42724606
160,2025-03-14 17:00:04.800000,0.90722656,0.2788086,0.23876953,-0.42724606,0.48828122,-0.42724606
161,2025-03-14 17:00:04.810000,0.9067383,0.2770996,0.24023438,-0.42724606,0.48828122,-0.30517578
162,2025-03-14 17:00:04.820000,0.9099121,0.27685547,0.24121094,-0.061035153,0.18310545,-0.30517578
163,2025-03-14 17:00:04.830000,0.90893555,0.27734375,0.24267578,0.48828122,-0.061035153,-0.5493164
164,2025-03-14 17:00:04.840000,0.9116211,0.27856445,0.24804688,0.42724606,-0.061035153,-0.67138666
165,2025-03-14 17:00:04.850000,0.9121094,0.2836914,0.25463867,0.122070305,0.0,-0.61035156
166,2025-03-14 17:00:04.860000,0.90600586,0.2854004,0.2475586,0.0,-0.24414061,-0.7324218
167,2025-03-14 17:00:04.870000,0.90527344,0.28295898,0.24047852,0.3662109,-0.5493164,-0.67138666
168,2025-03-14 17:00:04.879999,0.9057617,0.28198242,0.23291016,0.67138666,-0.5493164,-0.67138666
169,2025-03-14 17:00:04.889999,0.9057617,0.28198242,0.23022461,0.67138666,0.0,-0.61035156
170,2025-03-14 17:00:04.900000,0.904541,0.28222656,0.23364258,0.61035156,0.61035156,-0.7324218
171,2025-03-14 17:00:04.910000,0.904541,0.28271484,0.23657227,0.48828122,0.48828122,-0.793457
172,2025-03-14 17:00:04.920000,0.9067383,0.28466797,0.23608398,0.30517578,-0.061035153,-0.7324218
173,2025-03-14 17:00:04.930000,0.904541,0.28344727,0.22998047,-0.061035153,-0.42724606,-0.5493164
174,2025-03-14 17:00:04.940000,0.9038086,0.28173828,0.22436523,-0.24414061,0.0,-0.3662109
175,2025-03-14 17:00:04.950000,0.90234375,0.27905273,0.22851562,-0.18310545,0.48828122,-0.3662109
176,2025-03-14 17:00:04.960000,0.907959,0.2770996,0.23388672,-0.061035153,0.67138666,-0.3662109
177,2025-03-14 17:00:04.970000,0.9104004,0.27685547,0.2355957,0.18310545,0.48828122,-0.42724606
178,2025-03-14 17:00:04.980000,0.90966797,0.2775879,0.23925781,0.42724606,0.61035156,-0.61035156
179,2025-03-14 17:00:04.990000,0.9086914,0.27783203,0.23852539,0.3662109,0.97656244,-0.793457
180,2025-03-14 17:00:05.000000,0.90600586,0.2775879,0.24194336,0.3662109,1.2207031,-0.9155273
181,2025-03-14 17:00:05.010000,0.9042969,0.2770996,0.2397461,0.5493164,1.0375977,-0.793457
182,2025-03-14 17:00:05.020000,0.9038086,0.28027344,0.23217773,0.8544921,0.793457,-0.97656244
183,2025-03-14 17:00:05.030000,0.9025879,0.2775879,0.23046875,1.159668,0.793457,-1.0986328
184,2025-03-14 17:00:05.040000,0.9042969,0.27978516,0.23291016,0.793457,0.9155273,-0.97656244
185,2025-03-14 17:00:05.050000,0.90771484,0.28173828,0.23535156,0.24414061,0.9155273,-0.8544921
186,2025-03-14 17:00:05.060000,0.90649414,0.28564453,0.23632812,-0.061035153,0.3662109,-0.8544921
187,2025-03-14 17:00:05.070000,0.9030762,0.28564453,0.23413086,-0.122070305,0.18310545,-0.8544921
188,2025-03-14 17:00:05.080000,0.9067383,0.2849121,0.23242188,-0.122070305,0.48828122,-0.7324218
189,2025-03-14 17:00:05.090000,0.90844727,0.2836914,0.23852539,-0.24414061,0.5493164,-0.5493164
190,2025-03-14 17:00:05.100000,0.9086914,0.2854004,0.24267578,-0.3662109,0.3662109,-0.61035156
191,2025-03-14 17:00:05.110000,0.90844727,0.28222656,0.24291992,-0.3662109,0.18310545,-0.5493164
192,2025-03-14 17:00:05.120000,0.90893555,0.2824707,0.24047852,-0.3662109,0.24414061,-0.48828122
193,2025-03-14 17:00:05.130000,0.9067383,0.28076172,0.23608398,-0.42724606,0.24414061,-0.61035156
194,2025-03-14 17:00:05.140000,0.9050293,0.28295898,0.23120117,-0.3662109,0.42724606,-0.7324218
195,2025-03-14 17:00:05.150000,0.90283203,0.28686523,0.23168945,-0.24414061,0.9155273,-0.8544921
196,2025-03-14 17:00:05.160000,0.90478516,0.29052734,0.23779297,-0.30517578,1.2817382,-0.7324218
197,2025-03-14 17:00:05.170000,0.9055176,0.29248047,0.2409668,-0.61035156,1.2207031,-0.48828122
198,2025-03-14 17:00:05.180000,0.9042969,0.29223633,0.24316406,-0.5493164,1.159668,-0.30517578
199,2025-03-14 17:00:05.190000,0.9099121,0.28955078,0.24243164,-0.122070305,1.2207031,-0.061035153
200,2025-03-14 17:00:05.200000,0.91015625,0.28808594,0.24414062,0.122070305,1.5258788,-0.24414061
201,2025-03-14 17:00:05.210000,0.91015625,0.28393555,0.24584961,-0.061035153,1.8920897,-0.42724606
202,2025-03-14 17:00:05.220000,0.9104004,0.28027344,0.25,-0.122070305,2.0751953,-0.5493164
203,2025-03-14 17:00:05.230000,0.9111328,0.28125,0.2553711,0.122070305,1.3427733,-0.5493164
204,2025-03-14 17:00:05.240000,0.9116211,0.28637695,0.26098633,0.3662109,0.30517578,-0.61035156
205,2025-03-14 17:00:05.250000,0.9069824,0.2902832,0.25634766,0.42724606,-0.42724606,-0.48828122
206,2025-03-14 17:00:05.260000,0.90625,0.28979492,0.24316406,0.30517578,-0.30517578,-0.30517578
207,2025-03-14 17:00:05.270000,0.9082031,0.2849121,0.23413086,0.5493164,0.0,-0.3662109
208,2025-03-14 17:00:05.280000,0.9074707,0.27905273,0.2331543,1.2207031,0.0,-0.5493164
209,2025-03-14 17:00:05.290000,0.90600586,0.27368164,0.23486328,2.1362305,-0.30517578,-0.793457
210,2025-03-14 17:00:05.300000,0.91259766,0.28051758,0.23754883,2.2583008,-0.48828122,-0.8544921
211,2025-03-14 17:00:05.310000,0.90844727,0.28149414,0.24121094,1.9531249,-0.61035156,-0.97656244
212,2025-03-14 17:00:05.320000,0.9108887,0.28100586,0.24536133,1.8920897,-0.97656244,-1.0375977
213,2025-03-14 17:00:05.330000,0.91137695,0.28149414,0.24731445,2.1362305,-1.4038085,-1.0986328
214,2025-03-14 17:00:05.340000,0.9121094,0.2854004,0.24731445,2.2583008,-1.586914,-1.0986328
215,2025-03-14 17:00:05.350000,0.91430664,0.28564453,0.2475586,2.380371,-1.586914,-1.2817382
216,2025-03-14 17:00:05.360000,0.9057617,0.27978516,0.24707031,2.6245115,-1.8920897,-1.3427733
217,2025-03-14 17:00:05.370000,0.8967285,0.2763672,0.23583984,3.173828,-2.1972656,-1.586914
218,2025-03-14 17:00:05.380000,0.8952637,0.27612305,0.2265625,3.9062498,-2.2583008,-1.6479491
219,2025-03-14 17:00:05.390000,0.89819336,0.27929688,0.22509766,4.333496,-2.5634763,-1.7089843
220,2025-03-14 17:00:05.400000,0.8996582,0.28271484,0.2277832,4.1503906,-2.807617,-1.8310546
221,2025-03-14 17:00:05.410000,0.9016113,0.28173828,0.22973633,3.5400388,-2.868652,-1.8310546
222,2025-03-14 17:00:05.420000,0.9094238,0.28686523,0.23242188,3.1127927,-3.3569334,-1.586914
223,2025-03-14 17:00:05.430000,0.9140625,0.28588867,0.22949219,2.6855466,-4.0893555,-1.4038085
224,2025-03-14 17:00:05.440000,0.9147949,0.2836914,0.2290039,2.6855466,-4.272461,-1.5258788
225,2025-03-14 17:00:05.450000,0.9145508,0.28710938,0.23095703,2.5634763,-4.211426,-1.4648436
226,2025-03-14 17:00:05.460000,0.9116211,0.2890625,0.22875977,2.4414062,-4.333496,-1.3427733
227,2025-03-14 17:00:05.470000,0.90966797,0.28979492,0.2277832,2.4414062,-4.4555664,-1.159668
228,2025-03-14 17:00:05.480000,0.9082031,0.29174805,0.22314453,2.5634763,-4.333496,-1.0986328
229,2025-03-14 17:00:05.490000,0.9074707,0.29516602,0.22363281,2.5634763,-4.5166016,-1.0375977
230,2025-03-14 17:00:05.500000,0.9086914,0.29418945,0.2253418,2.4414062,-4.9438477,-0.8544921
231,2025-03-14 17:00:05.510000,0.90844727,0.29516602,0.23486328,2.6245115,-5.249023,-0.793457
232,2025-03-14 17:00:05.520000,0.9121094,0.30126953,0.2355957,3.234863,-5.187988,-0.8544921
233,2025-03-14 17:00:05.530000,0.9128418,0.30419922,0.23217773,4.1503906,-5.187988,-1.2207031
234,2025-03-14 17:00:05.540000,0.91503906,0.29956055,0.22436523,4.211426,-4.4555664,-1.6479491
235,2025-03-14 17:00:05.550000,0.91503906,0.29492188,0.22241211,3.9062498,-3.173828,-2.0141602
236,2025-03-14 17:00:05.560000,0.9147949,0.28930664,0.22949219,4.1503906,-2.1972656,-2.380371
237,2025-03-14 17:00:05.570000,0.91186523,0.28808594,0.23486328,4.638672,-2.0751953,-2.5634763
238,2025-03-14 17:00:05.580000,0.90771484,0.28686523,0.23535156,5.187988,-2.7465818,-2.5024414
239,2025-03-14 17:00:05.590000,0.90527344,0.28857422,0.23168945,5.3710933,-3.6621091,-2.4414062
240,2025-03-14 17:00:05.600000,0.90478516,0.2890625,0.22460938,5.0659175,-4.272461,-2.2583008
241,2025-03-14 17:00:05.610000,0.90478516,0.28344727,0.21948242,4.9438477,-4.5776367,-2.319336
242,2025-03-14 17:00:05.620000,0.907959,0.28125,0.21728516,5.1269526,-4.8828125,-2.4414062
243,2025-03-14 17:00:05.629999,0.9091797,0.28125,0.2133789,5.3710933,-5.249023,-2.6245115
244,2025-03-14 17:00:05.639999,0.91186523,0.28125,0.2121582,5.4931636,-5.4321284,-2.9296873
245,2025-03-14 17:00:05.649999,0.91064453,0.2841797,0.20825195,5.3710933,-5.310058,-2.9296873
246,2025-03-14 17:00:05.659999,0.90527344,0.2902832,0.20117188,5.1269526,-4.9438477,-3.234863
247,2025-03-14 17:00:05.669999,0.9042969,0.29345703,0.19750977,5.0659175,-4.211426,-3.6621091
248,2025-03-14 17:00:05.679999,0.90478516,0.29223633,0.19189453,5.4321284,-3.601074,-3.7231443
249,2025-03-14 17:00:05.689999,0.9099121,0.29296875,0.19335938,6.103515,-3.4179685,-3.967285
250,2025-03-14 17:00:05.699999,0.91381836,0.29736328,0.19628906,6.5917964,-3.7231443,-4.0893555
251,2025-03-14 17:00:05.710000,0.9177246,0.30541992,0.20092773,6.9580073,-4.0893555,-4.0893555
252,2025-03-14 17:00:05.720000,0.9177246,0.30981445,0.19946289,7.0800776,-3.967285,-3.967285
253,2025-03-14 17:00:05.730000,0.9108887,0.31079102,0.19262695,7.0800776,-2.9296873,-4.1503906
254,2025-03-14 17:00:05.740000,0.9025879,0.31103516,0.18945312,7.4462886,-1.6479491,-4.3945312
255,2025-03-14 17:00:05.750000,0.89697266,0.3100586,0.19335938,7.8124995,-0.61035156,-4.5776367
256,2025-03-14 17:00:05.760000,0.8925781,0.31152344,0.19555664,7.629394,-0.122070305,-4.4555664
257,2025-03-14 17:00:05.770000,0.8901367,0.31152344,0.20019531,7.141113,-0.48828122,-3.967285
258,2025-03-14 17:00:05.780000,0.89331055,0.31298828,0.2097168,6.5307612,-1.7700194,-3.1127927
259,2025-03-14 17:00:05.790000,0.89868164,0.31274414,0.2084961,5.981445,-3.0517576,-2.380371
260,2025-03-14 17:00:05.800000,0.90600586,0.31420898,0.20043945,5.676269,-3.2958982,-2.0751953
261,2025-03-14 17:00:05.810000,0.90600586,0.31591797,0.19458008,5.4931636,-2.9296873,-1.9531249
262,2025-03-14 17:00:05.820000,0.9033203,0.31420898,0.18823242,5.5541987,-1.9531249,-1.8920897
263,2025-03-14 17:00:05.830000,0.8977051,0.30981445,0.1875,5.4931636,-1.0986328,-1.8310546
264,2025-03-14 17:00:05.840000,0.8935547,0.3046875,0.18139648,5.4931636,-0.48828122,-1.7700194
265,2025-03-14 17:00:05.850000,0.89208984,0.30249023,0.17504883,5.187988,0.0,-1.6479491
266,2025-03-14 17:00:05.860000,0.888916,0.2993164,0.17480469,4.8828125,0.18310545,-1.5258788
267,2025-03-14 17:00:05.870000,0.89038086,0.3005371,0.1743164,4.5776367,-0.061035153,-1.4038085
268,2025-03-14 17:00:05.879999,0.89404297,0.29907227,0.16992188,4.333496,-0.61035156,-1.2817382
269,2025-03-14 17:00:05.889999,0.8979492,0.30126953,0.1652832,3.601074,-0.7324218,-1.2207031
270,2025-03-14 17:00:05.900000,0.9008789,0.30322266,0.16601562,2.7465818,-0.30517578,-1.159668
271,2025-03-14 17:00:05.910000,0.9057617,0.3034668,0.1665039,2.1362305,0.3662109,-0.8544921
272,2025-03-14 17:00:05.920000,0.9057617,0.30371094,0.1652832,1.3427733,0.97656244,-0.67138666
273,2025-03-14 17:00:05.930000,0.90405273,0.30371094,0.16308594,0.9155273,1.6479491,-0.42724606
274,2025-03-14 17:00:05.940000,0.9050293,0.30249023,0.1586914,0.3662109,2.0751953,-0.18310545
275,2025-03-14 17:00:05.950000,0.9038086,0.30395508,0.15527344,-0.30517578,2.380371,-0.122070305
276,2025-03-14 17:00:05.960000,0.90283203,0.30200195,0.1616211,-1.0375977,2.6855466,-0.122070305
277,2025-03-14 17:00:05.970000,0.90527344,0.30273438,0.16625977,-1.8920897,3.1127927,-0.061035153
278,2025-03-14 17:00:05.980000,0.90185547,0.3022461,0.17529297,-2.5634763,3.4179685,0.061035153
279,2025-03-14 17:00:05.990000,0.89990234,0.30273438,0.17822266,-2.9907224,3.2958982,0.18310545
280,2025-03-14 17:00:06.010000,0.8989258,0.30322266,0.17944336,-3.173828,3.0517576,0.24414061
281,2025-03-14 17:00:06.020000,0.8979492,0.30615234,0.18603516,-3.234863,2.868652,0.30517578
282,2025-03-14 17:00:06.030000,0.90234375,0.30566406,0.19213867,-3.2958982,2.319336,0.42724606
283,2025-03-14 17:00:06.040000,0.90722656,0.3088379,0.20141602,-3.173828,1.2207031,0.7324218
284,2025-03-14 17:00:06.050000,0.9145508,0.30859375,0.21020508,-2.6855466,-0.18310545,1.0375977
285,2025-03-14 17:00:06.060000,0.920166,0.31689453,0.22167969,-1.8310546,-1.9531249,1.0986328
286,2025-03-14 17:00:06.070000,0.9199219,0.32202148,0.22070312,-1.6479491,-3.173828,1.0986328
287,2025-03-14 17:00:06.080000,0.91308594,0.31884766,0.2109375,-2.1972656,-2.5634763,0.9155273
288,2025-03-14 17:00:06.090000,0.90625,0.31396484,0.20947266,-2.5634763,-1.159668,0.7324218
289,2025-03-14 17:00:06.100000,0.90405273,0.31176758,0.21142578,-3.1127927,-0.7324218,0.97656244
290,2025-03-14 17:00:06.110000,0.9038086,0.30493164,0.21044922,-3.4790037,-1.3427733,1.159668
291,2025-03-14 17:00:06.120000,0.90405273,0.30419922,0.20703125,-3.3569334,-2.319336,1.3427733
292,2025-03-14 17:00:06.130000,0.9025879,0.3034668,0.20092773,-3.1127927,-2.4414062,1.4038085
293,2025-03-14 17:00:06.140000,0.9030762,0.30493164,0.19311523,-2.6855466,-1.8920897,1.3427733
294,2025-03-14 17:00:06.150000,0.90234375,0.30688477,0.19140625,-2.1972656,-1.7089843,1.3427733
295,2025-03-14 17:00:06.160000,0.90527344,0.30615234,0.19042969,-1.8310546,-1.8920897,1.3427733
296,2025-03-14 17:00:06.170000,0.9116211,0.3046875,0.18530273,-1.4038085,-2.5024414,1.2207031
297,2025-03-14 17:00:06.180000,0.9133301,0.3017578,0.17700195,-1.4648436,-2.9296873,0.8544921
298,2025-03-14 17:00:06.190000,0.9135742,0.30029297,0.17163086,-1.8920897,-1.8920897,0.61035156
299,2025-03-14 17:00:06.200000,0.91552734,0.29174805,0.1730957,-2.4414062,0.0,0.24414061
300,2025-03-14 17:00:06.210000,0.9111328,0.28930664,0.17895508,-2.5024414,1.586914,-0.061035153
301,2025-03-14 17:00:06.220000,0.91186523,0.28857422,0.18066406,-2.380371,2.1362305,-0.24414061
302,2025-03-14 17:00:06.230000,0.90893555,0.29174805,0.18359375,-2.319336,1.8310546,-0.30517578
303,2025-03-14 17:00:06.240000,0.9067383,0.29736328,0.18408203,-2.7465818,1.6479491,-0.3662109
304,2025-03-14 17:00:06.250000,0.90478516,0.3034668,0.18969727,-3.2958982,1.6479491,-0.18310545
305,2025-03-14 17:00:06.260000,0.9055176,0.30639648,0.1928711,-3.3569334,1.5258788,-0.061035153
306,2025-03-14 17:00:06.270000,0.90722656,0.30737305,0.19555664,-3.3569334,1.159668,0.061035153
307,2025-03-14 17:00:06.280000,0.91064453,0.3034668,0.19580078,-3.3569334,0.8544921,0.0
308,2025-03-14 17:00:06.290000,0.9135742,0.30517578,0.1977539,-2.9907224,0.793457,-0.18310545
309,2025-03-14 17:00:06.300000,0.91674805,0.30566406,0.1977539,-2.2583008,0.8544921,-0.42724606
310,2025-03-14 17:00:06.310000,0.9147949,0.30371094,0.20019531,-1.6479491,0.97656244,-0.48828122
311,2025-03-14 17:00:06.320000,0.9152832,0.30297852,0.20043945,-1.2207031,1.0375977,-0.5493164
312,2025-03-14 17:00:06.330000,0.91137695,0.30371094,0.19726562,-0.7324218,1.3427733,-0.8544921
313,2025-03-14 17:00:06.340000,0.90649414,0.3034668,0.19726562,-0.30517578,1.586914,-0.97656244
314,2025-03-14 17:00:06.350000,0.9030762,0.30249023,0.20117188,-0.122070305,1.7700194,-0.9155273
315,2025-03-14 17:00:06.360000,0.90405273,0.3046875,0.20410156,-0.122070305,1.3427733,-0.8544921
316,2025-03-14 17:00:06.370000,0.9055176,0.30810547,0.20678711,-0.30517578,0.7324218,-0.5493164
317,2025-03-14 17:00:06.380000,0.9067383,0.30541992,0.2055664,-0.7324218,0.0,-0.24414061
318,2025-03-14 17:00:06.390000,0.9111328,0.3017578,0.2006836,-0.8544921,-0.5493164,-0.24414061
319,2025-03-14 17:00:06.400000,0.9160156,0.30419922,0.19848633,-0.67138666,-0.9155273,-0.30517578
320,2025-03-14 17:00:06.410000,0.9160156,0.30322266,0.19140625,-0.5493164,-1.0375977,-0.48828122
321,2025-03-14 17:00:06.420000,0.91259766,0.30297852,0.18579102,-0.61035156,-0.67138666,-0.67138666
322,2025-03-14 17:00:06.430000,0.9069824,0.30249023,0.18066406,-0.61035156,0.122070305,-0.7324218
323,2025-03-14 17:00:06.440000,0.90600586,0.30273438,0.18554688,-0.67138666,0.7324218,-0.61035156
324,2025-03-14 17:00:06.450000,0.90478516,0.30200195,0.18847656,-0.5493164,0.5493164,-0.42724606
325,2025-03-14 17:00:06.460000,0.9074707,0.3022461,0.18920898,-0.48828122,-0.42724606,-0.30517578
326,2025-03-14 17:00:06.470000,0.90966797,0.3010254,0.18847656,-0.42724606,-1.2817382,-0.24414061
327,2025-03-14 17:00:06.480000,0.90966797,0.2993164,0.18823242,-0.42724606,-1.159668,-0.30517578
328,2025-03-14 17:00:06.490000,0.9116211,0.30249023,0.19628906,-0.61035156,-0.42724606,-0.24414061
329,2025-03-14 17:00:06.500000,0.9121094,0.3059082,0.20239258,-0.67138666,0.3662109,-0.3662109
330,2025-03-14 17:00:06.510000,0.9133301,0.30297852,0.20581055,-0.67138666,0.42724606,-0.3662109
331,2025-03-14 17:00:06.520000,0.91186523,0.30078125,0.20629883,-0.5493164,-0.122070305,-0.48828122
332,2025-03-14 17:00:06.530000,0.91064453,0.30126953,0.20581055,-0.24414061,-0.61035156,-0.61035156
333,2025-03-14 17:00:06.540000,0.9069824,0.30126953,0.203125,0.0,-0.793457,-0.7324218
334,2025-03-14 17:00:06.550000,0.90625,0.3005371,0.20410156,0.3662109,-0.793457,-0.793457
335,2025-03-14 17:00:06.560000,0.9057617,0.30249023,0.20263672,0.42724606,-0.97656244,-0.67138666
336,2025-03-14 17:00:06.570000,0.90478516,0.30273438,0.19995117,0.18310545,-1.2817382,-0.48828122
337,2025-03-14 17:00:06.580000,0.90625,0.30126953,0.19580078,0.3662109,-1.2207031,-0.48828122
338,2025-03-14 17:00:06.590000,0.90722656,0.30273438,0.19335938,0.61035156,-1.0986328,-0.5493164
339,2025-03-14 17:00:06.600000,0.9086914,0.30200195,0.19091797,0.61035156,-1.159668,-0.61035156
340,2025-03-14 17:00:06.610000,0.9094238,0.3022461,0.18676758,0.5493164,-1.0375977,-0.5493164
341,2025-03-14 17:00:06.620000,0.9086914,0.30078125,0.18164062,0.7324218,-0.793457,-0.67138666
342,2025-03-14 17:00:06.630000,0.9104004,0.30273438,0.18432617,0.793457,-0.48828122,-0.8544921
343,2025-03-14 17:00:06.640000,0.90844727,0.30371094,0.18334961,0.8544921,0.061035153,-0.9155273
344,2025-03-14 17:00:06.650000,0.9086914,0.30419922,0.1850586,0.97656244,0.24414061,-0.9155273
345,2025-03-14 17:00:06.660000,0.90625,0.30322266,0.18603516,1.0375977,0.24414061,-0.8544921
346,2025-03-14 17:00:06.670000,0.9055176,0.30541992,0.1862793,1.0375977,0.24414061,-0.8544921
347,2025-03-14 17:00:06.680000,0.90649414,0.3046875,0.18554688,1.2207031,0.061035153,-0.67138666
348,2025-03-14 17:00:06.690000,0.904541,0.30273438,0.18286133,1.2207031,-0.18310545,-0.48828122
349,2025-03-14 17:00:06.700000,0.9057617,0.30151367,0.1796875,0.97656244,-0.061035153,-0.5493164
350,2025-03-14 17:00:06.710000,0.90478516,0.30297852,0.18554688,0.48828122,0.42724606,-0.42724606
351,2025-03-14 17:00:06.720000,0.9067383,0.3034668,0.18725586,0.24414061,0.7324218,-0.30517578
352,2025-03-14 17:00:06.730000,0.9069824,0.3034668,0.18725586,0.122070305,0.61035156,-0.122070305
353,2025-03-14 17:00:06.740000,0.91015625,0.30395508,0.1899414,0.18310545,0.3662109,-0.122070305
354,2025-03-14 17:00:06.750000,0.9121094,0.29882812,0.18579102,0.24414061,0.42724606,-0.24414061
355,2025-03-14 17:00:06.760000,0.9104004,0.2956543,0.18408203,0.24414061,0.793457,-0.42724606
356,2025-03-14 17:00:06.770000,0.907959,0.29638672,0.18945312,0.061035153,1.0986328,-0.61035156
357,2025-03-14 17:00:06.780000,0.90771484,0.29638672,0.19140625,-0.122070305,1.159668,-0.67138666
358,2025-03-14 17:00:06.790000,0.9082031,0.30029297,0.19165039,-0.30517578,0.793457,-0.61035156
359,2025-03-14 17:00:06.800000,0.9082031,0.30444336,0.19384766,-0.3662109,0.48828122,-0.61035156
360,2025-03-14 17:00:06.810000,0.90771484,0.30688477,0.18896484,-0.61035156,0.5493164,-0.61035156
361,2025-03-14 17:00:06.820000,0.907959,0.31079102,0.19262695,-0.5493164,0.8544921,-0.5493164
362,2025-03-14 17:00:06.830000,0.9104004,0.3076172,0.19238281,-0.7324218,1.0375977,-0.42724606
363,2025-03-14 17:00:06.840000,0.90966797,0.30517578,0.19165039,-0.9155273,1.0986328,-0.3662109
364,2025-03-14 17:00:06.850000,0.9091797,0.30273438,0.19506836,-0.7324218,1.3427733,-0.5493164
365,2025-03-14 17:00:06.860000,0.90625,0.30029297,0.19702148,-0.48828122,1.4038085,-0.61035156
366,2025-03-14 17:00:06.870000,0.90478516,0.29882812,0.19458008,-0.5493164,0.9155273,-0.5493164
367,2025-03-14 17:00:06.879999,0.9067383,0.30078125,0.19213867,-0.61035156,0.24414061,-0.42724606
368,2025-03-14 17:00:06.889999,0.9086914,0.3010254,0.18896484,-0.61035156,0.0,-0.5493164
369,2025-03-14 17:00:06.899999,0.90966797,0.3005371,0.1887207,-0.5493164,0.122070305,-0.61035156
370,2025-03-14 17:00:06.909999,0.9074707,0.30200195,0.1887207,-0.67138666,0.5493164,-0.67138666
371,2025-03-14 17:00:06.920000,0.90600586,0.30639648,0.18896484,-0.8544921,1.0375977,-0.8544921
372,2025-03-14 17:00:06.930000,0.9082031,0.30932617,0.1928711,-0.97656244,1.5258788,-0.9155273
373,2025-03-14 17:00:06.940000,0.9091797,0.30810547,0.19580078,-0.793457,1.8310546,-0.8544921
374,2025-03-14 17:00:06.950000,0.90893555,0.3076172,0.19750977,-0.793457,1.8920897,-0.793457
375,2025-03-14 17:00:06.960000,0.9082031,0.30859375,0.19824219,-0.67138666,1.9531249,-0.793457
376,2025-03-14 17:00:06.970000,0.9094238,0.30786133,0.19482422,-0.5493164,2.1972656,-0.8544921
377,2025-03-14 17:00:06.980000,0.9069824,0.30371094,0.19165039,-0.48828122,2.5634763,-0.793457
378,2025-03-14 17:00:06.990000,0.9069824,0.3005371,0.19165039,-0.61035156,2.6245115,-0.793457
379,2025-03-14 17:00:07.000000,0.90625,0.30126953,0.19213867,-0.793457,2.5634763,-0.8544921
380,2025-03-14 17:00:07.010000,0.9050293,0.3034668,0.1928711,-1.159668,2.5024414,-0.67138666
381,2025-03-14 17:00:07.020000,0.9008789,0.30200195,0.1953125,-1.4038085,2.5634763,-0.67138666
382,2025-03-14 17:00:07.030000,0.90185547,0.30395508,0.1953125,-1.2817382,2.5634763,-0.61035156
383,2025-03-14 17:00:07.040000,0.9038086,0.30517578,0.19897461,-1.2817382,2.4414062,-0.5493164
384,2025-03-14 17:00:07.050000,0.9074707,0.3046875,0.20141602,-1.159668,2.1362305,-0.42724606
385,2025-03-14 17:00:07.060000,0.9111328,0.3046875,0.20239258,-1.0375977,1.3427733,-0.42724606
386,2025-03-14 17:00:07.070000,0.91308594,0.3034668,0.19946289,-1.0375977,1.0986328,-0.42724606
387,2025-03-14 17:00:07.080000,0.91186523,0.30419922,0.19799805,-1.0986328,1.0375977,-0.42724606
388,2025-03-14 17:00:07.090000,0.9074707,0.30566406,0.19482422,-0.9155273,1.2817382,-0.48828122
389,2025-03-14 17:00:07.100000,0.9042969,0.30493164,0.19482422,-0.8544921,1.9531249,-0.48828122
390,2025-03-14 17:00:07.110000,0.90405273,0.30493164,0.19799805,-0.793457,2.319336,-0.30517578
391,2025-03-14 17:00:07.120000,0.90625,0.30615234,0.19995117,-0.67138666,2.2583008,-0.30517578
392,2025-03-14 17:00:07.130000,0.9099121,0.30493164,0.19799805,-0.793457,1.6479491,-0.122070305
393,2025-03-14 17:00:07.140000,0.9123535,0.3022461,0.1965332,-0.9155273,0.793457,-0.061035153
394,2025-03-14 17:00:07.150000,0.91186523,0.3017578,0.19799805,-1.159668,0.61035156,-0.122070305
395,2025-03-14 17:00:07.160000,0.90649414,0.30078125,0.19555664,-1.4648436,0.97656244,-0.24414061
396,2025-03-14 17:00:07.170000,0.90112305,0.3017578,0.19628906,-1.7700194,1.4038085,-0.24414061
397,2025-03-14 17:00:07.180000,0.89624023,0.29956055,0.19580078,-1.7089843,1.4038085,-0.18310545
398,2025-03-14 17:00:07.190000,0.8984375,0.30151367,0.1977539,-1.4648436,0.5493164,0.122070305
399,2025-03-14 17:00:07.200000,0.9030762,0.30273438,0.19702148,-1.2817382,-0.5493164,0.24414061
400,2025-03-14 17:00:07.220000,0.90771484,0.30297852,0.19750977,-1.3427733,-0.9155273,0.42724606
401,2025-03-14 17:00:07.230000,0.91015625,0.30371094,0.19677734,-1.7089843,-0.3662109,0.42724606
402,2025-03-14 17:00:07.240000,0.90600586,0.3046875,0.19824219,-1.8920897,0.3662109,0.30517578
403,2025-03-14 17:00:07.250000,0.9069824,0.3017578,0.19921875,-1.8310546,0.7324218,0.24414061
404,2025-03-14 17:00:07.260000,0.91064453,0.30126953,0.20288086,-1.8310546,0.5493164,0.122070305
405,2025-03-14 17:00:07.270000,0.91186523,0.30078125,0.20336914,-1.7700194,0.061035153,0.122070305
406,2025-03-14 17:00:07.280000,0.91186523,0.30371094,0.2006836,-1.7089843,-0.18310545,0.0
407,2025-03-14 17:00:07.290000,0.9111328,0.30297852,0.20263672,-1.7700194,-0.061035153,0.061035153
408,2025-03-14 17:00:07.300000,0.91186523,0.30200195,0.20361328,-1.7089843,0.122070305,0.061035153
409,2025-03-14 17:00:07.310000,0.91552734,0.30419922,0.20385742,-1.2207031,-0.061035153,-0.061035153
410,2025-03-14 17:00:07.320000,0.91259766,0.30932617,0.20361328,-0.8544921,0.0,-0.3662109
411,2025-03-14 17:00:07.330000,0.90649414,0.31079102,0.2055664,-0.67138666,0.3662109,-0.61035156
412,2025-03-14 17:00:07.340000,0.9055176,0.3071289,0.20532227,-0.30517578,0.61035156,-0.67138666
413,2025-03-14 17:00:07.350000,0.9042969,0.3059082,0.20483398,-0.061035153,0.97656244,-0.67138666
414,2025-03-14 17:00:07.360000,0.9055176,0.3022461,0.20532227,0.18310545,0.97656244,-0.61035156
415,2025-03-14 17:00:07.370000,0.9099121,0.29736328,0.20947266,0.48828122,0.67138666,-0.7324218
416,2025-03-14 17:00:07.380000,0.9111328,0.296875,0.20996094,0.5493164,0.3662109,-0.9155273
417,2025-03-14 17:00:07.390000,0.91259766,0.29541016,0.20874023,0.61035156,0.24414061,-0.9155273
418,2025-03-14 17:00:07.400000,0.91186523,0.29467773,0.20678711,0.48828122,-0.122070305,-0.9155273
419,2025-03-14 17:00:07.410000,0.9133301,0.29370117,0.20410156,0.30517578,-0.42724606,-0.8544921
420,2025-03-14 17:00:07.420000,0.91308594,0.29638672,0.19873047,0.3662109,-0.7324218,-0.8544921
421,2025-03-14 17:00:07.430000,0.91186523,0.2980957,0.19555664,0.3662109,-0.7324218,-0.793457
422,2025-03-14 17:00:07.440000,0.91015625,0.30004883,0.1928711,0.61035156,-0.67138666,-0.793457
423,2025-03-14 17:00:07.450000,0.9082031,0.3005371,0.18920898,0.9155273,-0.61035156,-0.8544921
424,2025-03-14 17:00:07.460000,0.90893555,0.3046875,0.18603516,0.97656244,-0.3662109,-0.8544921
425,2025-03-14 17:00:07.470000,0.90649414,0.3071289,0.18457031,1.159668,-0.18310545,-0.9155273
426,2025-03-14 17:00:07.480000,0.907959,0.30664062,0.18823242,1.4038085,0.0,-0.97656244
427,2025-03-14 17:00:07.490000,0.9067383,0.30322266,0.1940918,1.4648436,0.42724606,-0.97656244
428,2025-03-14 17:00:07.500000,0.9082031,0.30200195,0.19262695,1.4648436,0.5493164,-0.9155273
429,2025-03-14 17:00:07.510000,0.90649414,0.30297852,0.18920898,1.4038085,0.7324218,-0.97656244
430,2025-03-14 17:00:07.520000,0.9082031,0.30322266,0.1887207,1.2207031,1.586914,-1.0986328
431,2025-03-14 17:00:07.530000,0.90722656,0.30249023,0.19311523,1.159668,2.1362305,-1.2207031
432,2025-03-14 17:00:07.540000,0.907959,0.30151367,0.19970703,1.2817382,2.1972656,-1.2207031
433,2025-03-14 17:00:07.550000,0.90844727,0.30029297,0.19921875,1.2817382,2.0751953,-1.4038085
434,2025-03-14 17:00:07.560000,0.9074707,0.30029297,0.20019531,0.97656244,1.7089843,-1.5258788
435,2025-03-14 17:00:07.570000,0.9091797,0.30322266,0.2019043,0.42724606,1.2207031,-1.3427733
436,2025-03-14 17:00:07.580000,0.90600586,0.30419922,0.19799805,0.061035153,0.793457,-1.159668
437,2025-03-14 17:00:07.590000,0.90527344,0.3088379,0.19555664,0.061035153,0.7324218,-0.97656244
438,2025-03-14 17:00:07.600000,0.8991699,0.31176758,0.1940918,0.0,0.9155273,-0.793457
439,2025-03-14 17:00:07.610000,0.8984375,0.3149414,0.19580078,-0.061035153,1.0375977,-0.61035156
440,2025-03-14 17:00:07.620000,0.9008789,0.31298828,0.1940918,-0.18310545,1.5258788,-0.5493164
441,2025-03-14 17:00:07.629999,0.90112305,0.31274414,0.19482422,-0.30517578,1.7700194,-0.5493164
442,2025-03-14 17:00:07.639999,0.9013672,0.31225586,0.19970703,-0.42724606,1.8920897,-0.5493164
443,2025-03-14 17:00:07.649999,0.90478516,0.30639648,0.19824219,-0.48828122,1.7700194,-0.5493164
444,2025-03-14 17:00:07.659999,0.90625,0.30371094,0.19873047,-0.5493164,2.0141602,-0.42724606
445,2025-03-14 17:00:07.669999,0.9038086,0.30273438,0.19604492,-1.0986328,2.0751953,-0.3662109
446,2025-03-14 17:00:07.679999,0.90625,0.29760742,0.20385742,-1.8920897,1.8310546,-0.42724606
447,2025-03-14 17:00:07.689999,0.9099121,0.29492188,0.21142578,-2.2583008,1.8920897,-0.61035156
448,2025-03-14 17:00:07.699999,0.90405273,0.29760742,0.20678711,-2.868652,1.4648436,-0.42724606
449,2025-03-14 17:00:07.709999,0.89453125,0.30249023,0.20654297,-3.4790037,0.61035156,0.18310545
450,2025-03-14 17:00:07.719999,0.8964844,0.31030273,0.20214844,-2.6855466,-0.24414061,0.5493164
451,2025-03-14 17:00:07.730000,0.9057617,0.31323242,0.20117188,-1.586914,-0.24414061,0.48828122
452,2025-03-14 17:00:07.740000,0.90527344,0.3100586,0.20507812,-1.159668,0.42724606,0.67138666
453,2025-03-14 17:00:07.750000,0.9050293,0.31030273,0.20654297,-1.3427733,0.42724606,0.8544921
454,2025-03-14 17:00:07.760000,0.9074707,0.31323242,0.20898438,-2.0751953,0.0,1.0375977
455,2025-03-14 17:00:07.770000,0.90844727,0.31274414,0.20629883,-2.9296873,-0.5493164,1.4038085
456,2025-03-14 17:00:07.780000,0.90600586,0.31152344,0.20336914,-3.173828,-0.793457,1.4648436
457,2025-03-14 17:00:07.790000,0.90405273,0.31176758,0.20141602,-2.9907224,-0.61035156,1.4038085
458,2025-03-14 17:00:07.800000,0.90356445,0.3095703,0.20092773,-2.868652,-0.3662109,1.4038085
459,2025-03-14 17:00:07.810000,0.904541,0.30322266,0.2006836,-2.6245115,-0.42724606,1.4648436
460,2025-03-14 17:00:07.820000,0.9069824,0.29003906,0.19921875,-2.380371,-1.0986328,1.4038085
461,2025-03-14 17:00:07.830000,0.9111328,0.28051758,0.19873047,-2.2583008,-1.586914,1.2817382
462,2025-03-14 17:00:07.840000,0.9128418,0.27612305,0.19848633,-2.319336,-1.4038085,0.8544921
463,2025-03-14 17:00:07.850000,0.91259766,0.27490234,0.203125,-2.7465818,-0.9155273,0.42724606
464,2025-03-14 17:00:07.860000,0.9108887,0.2783203,0.20458984,-3.173828,-0.67138666,0.122070305
465,2025-03-14 17:00:07.870000,0.9094238,0.28588867,0.20483398,-3.4179685,-1.0986328,-0.061035153
466,2025-03-14 17:00:07.879999,0.9099121,0.28735352,0.20043945,-3.6621091,-2.1972656,-0.061035153
467,2025-03-14 17:00:07.889999,0.91186523,0.29223633,0.19604492,-3.7231443,-3.234863,-0.24414061
468,2025-03-14 17:00:07.899999,0.9121094,0.29614258,0.1940918,-3.7841794,-3.1127927,-0.30517578
469,2025-03-14 17:00:07.909999,0.90844727,0.30004883,0.19042969,-3.8452146,-2.2583008,-0.3662109
470,2025-03-14 17:00:07.920000,0.9082031,0.3017578,0.19335938,-3.967285,-1.2817382,-0.30517578
471,2025-03-14 17:00:07.930000,0.9099121,0.3022461,0.1977539,-3.7841794,-0.9155273,-0.24414061
472,2025-03-14 17:00:07.940000,0.90771484,0.3022461,0.19750977,-3.601074,-0.8544921,-0.122070305
473,2025-03-14 17:00:07.950000,0.9057617,0.30419922,0.20043945,-3.2958982,-0.61035156,-0.122070305
474,2025-03-14 17:00:07.960000,0.90625,0.3034668,0.20141602,-2.868652,-0.30517578,0.0
475,2025-03-14 17:00:07.970000,0.9057617,0.30395508,0.20336914,-2.7465818,0.122070305,0.122070305
476,2025-03-14 17:00:07.980000,0.9050293,0.30371094,0.20458984,-2.6245115,0.3662109,0.30517578
477,2025-03-14 17:00:07.990000,0.9099121,0.30444336,0.20751953,-2.2583008,0.5493164,0.42724606
478,2025-03-14 17:00:08.000000,0.9123535,0.30297852,0.20458984,-1.7089843,0.7324218,0.24414061
479,2025-03-14 17:00:08.010000,0.91308594,0.30004883,0.20654297,-0.8544921,0.793457,0.122070305
480,2025-03-14 17:00:08.020000,0.9140625,0.2993164,0.20825195,-0.3662109,1.3427733,-0.122070305
481,2025-03-14 17:00:08.030000,0.91381836,0.30029297,0.20898438,-0.061035153,1.8310546,-0.30517578
482,2025-03-14 17:00:08.040000,0.91259766,0.30444336,0.21240234,0.122070305,2.0141602,-0.30517578
483,2025-03-14 17:00:08.050000,0.9108887,0.3076172,0.20996094,0.122070305,1.8920897,-0.24414061
484,2025-03-14 17:00:08.060000,0.90966797,0.3076172,0.20996094,-0.061035153,1.9531249,-0.061035153
485,2025-03-14 17:00:08.070000,0.9104004,0.30371094,0.20776367,0.122070305,2.0751953,-0.061035153
486,2025-03-14 17:00:08.080000,0.9086914,0.30273438,0.2097168,0.24414061,2.5634763,0.0
487,2025-03-14 17:00:08.090000,0.9069824,0.30200195,0.21166992,0.122070305,2.868652,0.061035153
488,2025-03-14 17:00:08.100000,0.90844727,0.3017578,0.21118164,0.61035156,2.807617,-0.122070305
489,2025-03-14 17:00:08.110000,0.9074707,0.2993164,0.21142578,0.97656244,2.807617,-0.18310545
490,2025-03-14 17:00:08.120000,0.9013672,0.29663086,0.21484375,1.0986328,2.868652,-0.3662109
491,2025-03-14 17:00:08.130000,0.9121094,0.2927246,0.21679688,0.9155273,2.2583008,-0.30517578
492,2025-03-14 17:00:08.140000,0.9123535,0.29296875,0.21801758,0.7324218,1.6479491,-0.061035153
493,2025-03-14 17:00:08.150000,0.90844727,0.28930664,0.21582031,0.42724606,1.3427733,-0.122070305
494,2025-03-14 17:00:08.160000,0.90478516,0.28710938,0.20629883,0.42724606,1.0375977,-0.061035153
495,2025-03-14 17:00:08.170000,0.90527344,0.28442383,0.19897461,0.67138666,0.61035156,-0.18310545
496,2025-03-14 17:00:08.180000,0.90625,0.28149414,0.19165039,0.7324218,0.7324218,-0.30517578
497,2025-03-14 17:00:08.190000,0.91064453,0.28076172,0.19067383,0.48828122,1.0986328,-0.48828122
498,2025-03-14 17:00:08.200000,0.91064453,0.27978516,0.18969727,0.30517578,0.97656244,-0.61035156
499,2025-03-14 17:00:08.210000,0.91186523,0.28710938,0.18725586,-0.122070305,0.67138666,-0.5493164
500,2025-03-14 17:00:08.220000,0.9111328,0.2915039,0.18920898,-0.48828122,0.8544921,-0.7324218
501,2025-03-14 17:00:08.230000,0.9104004,0.2939453,0.19091797,-0.5493164,1.159668,-0.793457
502,2025-03-14 17:00:08.240000,0.90844727,0.29614258,0.19506836,-0.48828122,1.4038085,-0.8544921
503,2025-03-14 17:00:08.250000,0.90478516,0.29418945,0.19995117,-0.67138666,1.8920897,-0.8544921
504,2025-03-14 17:00:08.260000,0.9055176,0.2944336,0.20214844,-0.67138666,2.4414062,-1.0375977
505,2025-03-14 17:00:08.270000,0.9038086,0.29541016,0.20727539,-0.5493164,2.5634763,-1.0986328
506,2025-03-14 17:00:08.280000,0.9025879,0.29467773,0.21044922,-0.30517578,2.0751953,-1.0375977
507,2025-03-14 17:00:08.290000,0.9016113,0.29907227,0.21606445,-0.5493164,1.7089843,-0.8544921
508,2025-03-14 17:00:08.300000,0.90405273,0.2998047,0.21362305,-0.8544921,1.3427733,-0.61035156
509,2025-03-14 17:00:08.310000,0.9025879,0.30078125,0.21459961,-1.2207031,1.0375977,-0.30517578
510,2025-03-14 17:00:08.320000,0.90283203,0.30322266,0.21313477,-1.3427733,0.97656244,-0.18310545
511,2025-03-14 17:00:08.330000,0.9013672,0.30493164,0.2097168,-1.5258788,1.159668,-0.18310545
512,2025-03-14 17:00:08.340000,0.90356445,0.30444336,0.2097168,-1.7089843,1.159668,0.0
513,2025-03-14 17:00:08.350000,0.9055176,0.30639648,0.21142578,-1.8310546,1.0375977,0.122070305
514,2025-03-14 17:00:08.360000,0.9099121,0.3046875,0.20751953,-1.9531249,0.8544921,0.24414061
515,2025-03-14 17:00:08.370000,0.91015625,0.3059082,0.20825195,-2.0141602,0.97656244,0.30517578
516,2025-03-14 17:00:08.380000,0.9082031,0.30688477,0.20581055,-1.9531249,1.6479491,0.3662109
517,2025-03-14 17:00:08.390000,0.9069824,0.3046875,0.21020508,-1.6479491,2.380371,0.3662109
518,2025-03-14 17:00:08.400000,0.9082031,0.30078125,0.2084961,-1.5258788,2.6855466,0.3662109
519,2025-03-14 17:00:08.410000,0.90600586,0.30151367,0.2097168,-1.4038085,2.5024414,0.3662109
520,2025-03-14 17:00:08.430000,0.9099121,0.30029297,0.20996094,-1.5258788,2.319336,0.61035156
521,2025-03-14 17:00:08.440000,0.91015625,0.29882812,0.21069336,-1.7700194,2.1362305,0.8544921
522,2025-03-14 17:00:08.450000,0.904541,0.296875,0.21191406,-1.8920897,2.0751953,0.97656244
523,2025-03-14 17:00:08.460000,0.90600586,0.29467773,0.2133789,-1.6479491,2.2583008,0.97656244
524,2025-03-14 17:00:08.470000,0.9099121,0.2944336,0.21142578,-1.6479491,2.2583008,1.0986328
525,2025-03-14 17:00:08.480000,0.90527344,0.29052734,0.21801758,-2.1972656,2.6855466,1.2817382
526,2025-03-14 17:00:08.490000,0.9091797,0.2841797,0.21972656,-2.807617,2.9296873,1.2817382
527,2025-03-14 17:00:08.500000,0.9094238,0.28295898,0.22070312,-2.6245115,2.0751953,1.0986328
528,2025-03-14 17:00:08.510000,0.9057617,0.28222656,0.21679688,-2.0751953,0.97656244,0.8544921
529,2025-03-14 17:00:08.520000,0.91503906,0.28295898,0.21508789,-1.5258788,0.5493164,0.67138666
530,2025-03-14 17:00:08.530000,0.9160156,0.28295898,0.21533203,-0.97656244,0.7324218,0.3662109
531,2025-03-14 17:00:08.540000,0.9091797,0.28173828,0.2109375,-0.793457,1.6479491,0.18310545
532,2025-03-14 17:00:08.550000,0.90625,0.28051758,0.21020508,-0.97656244,2.1972656,0.122070305
533,2025-03-14 17:00:08.560000,0.904541,0.27905273,0.20874023,-0.9155273,2.380371,0.0
534,2025-03-14 17:00:08.570000,0.904541,0.27490234,0.20727539,-0.7324218,2.319336,0.061035153
535,2025-03-14 17:00:08.580000,0.90844727,0.2722168,0.2084961,-0.3662109,1.8310546,0.0
536,2025-03-14 17:00:08.590000,0.90722656,0.27197266,0.20581055,0.061035153,1.586914,-0.24414061
537,2025-03-14 17:00:08.600000,0.91064453,0.27368164,0.20532227,0.18310545,2.1362305,-0.67138666
538,2025-03-14 17:00:08.610000,0.9140625,0.27416992,0.21655273,0.30517578,2.5634763,-1.2817382
539,2025-03-14 17:00:08.620000,0.9169922,0.27734375,0.23608398,-0.3662109,1.8920897,-2.0141602
540,2025-03-14 17:00:08.630000,0.9187012,0.29223633,0.24438477,-1.4038085,-0.122070305,-2.4414062
541,2025-03-14 17:00:08.640000,0.91186523,0.31103516,0.23510742,-3.234863,-1.9531249,-2.2583008
542,2025-03-14 17:00:08.650000,0.9069824,0.3244629,0.22607422,-4.5166016,-2.5634763,-1.7700194
543,2025-03-14 17:00:08.660000,0.9067383,0.32885742,0.21704102,-4.8828125,-1.7700194,-1.2817382
544,2025-03-14 17:00:08.670000,0.90649414,0.32470703,0.21704102,-3.7841794,-0.67138666,-0.9155273
545,2025-03-14 17:00:08.680000,0.9082031,0.31933594,0.22216797,-2.0141602,0.18310545,-0.5493164
546,2025-03-14 17:00:08.690000,0.90771484,0.3137207,0.2253418,-0.793457,0.7324218,-0.18310545
547,2025-03-14 17:00:08.700000,0.90600586,0.30932617,0.22631836,-0.42724606,0.8544921,0.122070305
548,2025-03-14 17:00:08.710000,0.90478516,0.30200195,0.22460938,-0.5493164,1.0986328,0.30517578
549,2025-03-14 17:00:08.720000,0.9074707,0.29736328,0.22216797,-0.5493164,1.0375977,0.42724606
550,2025-03-14 17:00:08.730000,0.9082031,0.2915039,0.2211914,-0.5493164,0.61035156,0.42724606
551,2025-03-14 17:00:08.740000,0.9069824,0.28833008,0.22265625,-0.5493164,0.3662109,0.30517578
552,2025-03-14 17:00:08.750000,0.90966797,0.28637695,0.22265625,-0.793457,0.42724606,0.122070305
553,2025-03-14 17:00:08.760000,0.90771484,0.2836914,0.22338867,-0.9155273,0.48828122,0.0
554,2025-03-14 17:00:08.770000,0.9074707,0.28271484,0.22583008,-0.7324218,0.48828122,-0.122070305
555,2025-03-14 17:00:08.780000,0.9091797,0.27978516,0.2253418,-0.42724606,0.18310545,-0.122070305
556,2025-03-14 17:00:08.790000,0.9091797,0.27978516,0.21923828,-0.122070305,-0.5493164,-0.24414061
557,2025-03-14 17:00:08.800000,0.9086914,0.2800293,0.21313477,0.122070305,-0.9155273,-0.24414061
558,2025-03-14 17:00:08.810000,0.9091797,0.28125,0.21240234,0.061035153,-0.42724606,-0.30517578
559,2025-03-14 17:00:08.820000,0.90771484,0.2841797,0.21191406,0.061035153,0.18310545,-0.3662109
560,2025-03-14 17:00:08.830000,0.90966797,0.28759766,0.21313477,0.24414061,0.67138666,-0.48828122
561,2025-03-14 17:00:08.840000,0.90844727,0.29223633,0.21240234,0.24414061,0.5493164,-0.48828122
562,2025-03-14 17:00:08.850000,0.90966797,0.29467773,0.2097168,0.3662109,0.48828122,-0.48828122
563,2025-03-14 17:00:08.860000,0.9094238,0.2944336,0.20922852,0.30517578,0.61035156,-0.67138666
564,2025-03-14 17:00:08.870000,0.90771484,0.2939453,0.2121582,0.48828122,1.0375977,-0.7324218
565,2025-03-14 17:00:08.879999,0.90405273,0.29345703,0.21264648,0.5493164,1.3427733,-0.793457
566,2025-03-14 17:00:08.889999,0.9042969,0.28930664,0.2133789,0.30517578,1.5258788,-0.7324218
567,2025-03-14 17:00:08.899999,0.90478516,0.29003906,0.21533203,0.061035153,1.4038085,-0.67138666
568,2025-03-14 17:00:08.909999,0.90771484,0.28710938,0.21459961,0.18310545,1.2207031,-0.8544921
569,2025-03-14 17:00:08.919999,0.9094238,0.28637695,0.21606445,0.48828122,1.4038085,-0.97656244
570,2025-03-14 17:00:08.929999,0.9082031,0.28759766,0.21899414,0.5493164,1.586914,-1.0986328
571,2025-03-14 17:00:08.940000,0.9057617,0.28857422,0.22167969,0.42724606,1.7089843,-1.159668
572,2025-03-14 17:00:08.950000,0.9069824,0.29345703,0.22314453,0.122070305,1.7089843,-1.0986328
573,2025-03-14 17:00:08.960000,0.9057617,0.29516602,0.22363281,-0.18310545,1.4648436,-0.9155273
574,2025-03-14 17:00:08.970000,0.9050293,0.29785156,0.22314453,-0.24414061,0.97656244,-0.793457
575,2025-03-14 17:00:08.980000,0.90625,0.29833984,0.22241211,-0.30517578,0.5493164,-0.7324218
576,2025-03-14 17:00:08.990000,0.9082031,0.29638672,0.21728516,-0.24414061,0.30517578,-0.7324218
577,2025-03-14 17:00:09.000000,0.9074707,0.29541016,0.21655273,-0.3662109,0.3662109,-0.61035156
578,2025-03-14 17:00:09.010000,0.90649414,0.2939453,0.21704102,-0.30517578,0.3662109,-0.5493164
579,2025-03-14 17:00:09.020000,0.9057617,0.2927246,0.21679688,-0.30517578,0.3662109,-0.42724606
580,2025-03-14 17:00:09.030000,0.90600586,0.2919922,0.21459961,-0.5493164,0.3662109,-0.3662109
581,2025-03-14 17:00:09.040000,0.9033203,0.2932129,0.21118164,-0.7324218,0.3662109,-0.24414061
582,2025-03-14 17:00:09.050000,0.90283203,0.29589844,0.21191406,-0.793457,0.24414061,-0.18310545
583,2025-03-14 17:00:09.060000,0.90478516,0.2956543,0.21508789,-0.7324218,0.3662109,-0.24414061
584,2025-03-14 17:00:09.070000,0.9082031,0.2919922,0.21923828,-0.8544921,0.30517578,-0.30517578
585,2025-03-14 17:00:09.080000,0.907959,0.2878418,0.21972656,-1.2207031,0.24414061,-0.3662109
586,2025-03-14 17:00:09.090000,0.90893555,0.28808594,0.22241211,-1.9531249,0.18310545,-0.30517578
587,2025-03-14 17:00:09.100000,0.90893555,0.28808594,0.22167969,-2.2583008,-0.122070305,-0.24414061
588,2025-03-14 17:00:09.110000,0.9074707,0.28808594,0.22070312,-2.319336,-0.61035156,-0.18310545
589,2025-03-14 17:00:09.120000,0.90625,0.29370117,0.22192383,-2.0751953,-0.7324218,-0.122070305
590,2025-03-14 17:00:09.130000,0.90356445,0.2927246,0.22070312,-1.7089843,-0.3662109,0.0
591,2025-03-14 17:00:09.140000,0.90234375,0.2927246,0.22241211,-1.8310546,0.0,0.061035153
592,2025-03-14 17:00:09.150000,0.90234375,0.29516602,0.22241211,-1.6479491,-0.122070305,0.24414061
593,2025-03-14 17:00:09.160000,0.9055176,0.29711914,0.21923828,-1.5258788,-0.3662109,0.42724606
594,2025-03-14 17:00:09.170000,0.9069824,0.29589844,0.21899414,-1.159668,-0.3662109,0.30517578
595,2025-03-14 17:00:09.180000,0.90893555,0.29492188,0.22143555,-0.7324218,0.3662109,0.24414061
596,2025-03-14 17:00:09.190000,0.9086914,0.29077148,0.22387695,-0.24414061,1.3427733,0.0
597,2025-03-14 17:00:09.200000,0.90771484,0.29101562,0.22436523,-0.061035153,1.7089843,-0.18310545
598,2025-03-14 17:00:09.210000,0.90722656,0.28564453,0.21704102,0.0,1.3427733,-0.30517578
599,2025-03-14 17:00:09.220000,0.91137695,0.28344727,0.22802734,-0.061035153,1.2207031,-0.48828122
600,2025-03-14 17:00:09.230000,0.9135742,0.29003906,0.23413086,-0.122070305,1.4038085,-0.7324218
601,2025-03-14 17:00:09.240000,0.90649414,0.29125977,0.22265625,-0.61035156,0.793457,-0.61035156
602,2025-03-14 17:00:09.250000,0.90283203,0.2939453,0.2199707,-1.0375977,0.5493164,-0.122070305
603,2025-03-14 17:00:09.260000,0.90625,0.29785156,0.21801758,0.061035153,0.8544921,-0.18310545
604,2025-03-14 17:00:09.270000,0.9123535,0.29638672,0.21582031,1.2817382,0.793457,-0.42724606
605,2025-03-14 17:00:09.280000,0.9135742,0.29223633,0.22192383,1.3427733,0.9155273,-0.30517578
606,2025-03-14 17:00:09.290000,0.91137695,0.2890625,0.22290039,1.0375977,1.4038085,-0.3662109
607,2025-03-14 17:00:09.300000,0.90625,0.2866211,0.22485352,0.793457,1.6479491,-0.42724606
608,2025-03-14 17:00:09.310000,0.90722656,0.2878418,0.22485352,0.7324218,1.5258788,-0.5493164
609,2025-03-14 17:00:09.320000,0.90600586,0.28857422,0.22265625,0.793457,0.97656244,-0.5493164
610,2025-03-14 17:00:09.330000,0.90844727,0.2915039,0.2211914,0.97656244,0.8544921,-0.5493164
611,2025-03-14 17:00:09.340000,0.91064453,0.2902832,0.22290039,1.0375977,1.0986328,-0.67138666
612,2025-03-14 17:00:09.350000,0.9104004,0.29052734,0.22363281,1.0375977,1.2207031,-0.793457
613,2025-03-14 17:00:09.360000,0.9104004,0.29223633,0.22290039,0.97656244,1.2817382,-0.9155273
614,2025-03-14 17:00:09.370000,0.9086914,0.28710938,0.22460938,0.97656244,1.5258788,-1.0375977
615,2025-03-14 17:00:09.380000,0.9055176,0.2836914,0.22436523,0.9155273,1.4648436,-0.9155273
616,2025-03-14 17:00:09.390000,0.904541,0.2890625,0.22387695,0.97656244,1.0986328,-0.8544921
617,2025-03-14 17:00:09.400000,0.90722656,0.29052734,0.2241211,0.67138666,0.793457,-0.8544921
618,2025-03-14 17:00:09.410000,0.90893555,0.2902832,0.22509766,0.24414061,0.5493164,-0.8544921
619,2025-03-14 17:00:09.420000,0.90600586,0.2932129,0.22558594,0.061035153,0.42724606,-0.793457
620,2025-03-14 17:00:09.430000,0.90478516,0.29492188,0.22363281,0.061035153,0.3662109,-0.61035156
621,2025-03-14 17:00:09.440000,0.9057617,0.29370117,0.22216797,0.061035153,0.30517578,-0.67138666
622,2025-03-14 17:00:09.450000,0.9042969,0.29638672,0.22021484,0.061035153,0.24414061,-0.7324218
623,2025-03-14 17:00:09.460000,0.90405273,0.29736328,0.21801758,0.061035153,0.18310545,-0.5493164
624,2025-03-14 17:00:09.470000,0.9057617,0.29589844,0.21801758,-0.122070305,0.122070305,-0.48828122
625,2025-03-14 17:00:09.480000,0.90722656,0.29345703,0.22094727,-0.24414061,0.3662109,-0.5493164
626,2025-03-14 17:00:09.490000,0.90649414,0.2927246,0.22314453,-0.30517578,0.97656244,-0.48828122
627,2025-03-14 17:00:09.500000,0.9055176,0.29223633,0.2211914,-0.3662109,1.3427733,-0.5493164
628,2025-03-14 17:00:09.510000,0.90625,0.28881836,0.22216797,-0.3662109,1.5258788,-0.48828122
629,2025-03-14 17:00:09.520000,0.90185547,0.28930664,0.22314453,-0.30517578,1.3427733,-0.48828122
630,2025-03-14 17:00:09.530000,0.9033203,0.28881836,0.22290039,-0.24414061,0.97656244,-0.48828122
631,2025-03-14 17:00:09.540000,0.9067383,0.28686523,0.22192383,-0.18310545,0.67138666,-0.5493164
632,2025-03-14 17:00:09.550000,0.90844727,0.28857422,0.22070312,-0.42724606,0.5493164,-0.67138666
633,2025-03-14 17:00:09.560000,0.9067383,0.28930664,0.21801758,-0.67138666,0.67138666,-0.7324218
634,2025-03-14 17:00:09.570000,0.9074707,0.2890625,0.21899414,-0.8544921,0.793457,-0.97656244
635,2025-03-14 17:00:09.580000,0.9074707,0.29052734,0.21923828,-1.0375977,0.9155273,-1.0986328
636,2025-03-14 17:00:09.590000,0.90722656,0.2915039,0.21850586,-1.2817382,0.97656244,-1.0986328
637,2025-03-14 17:00:09.600000,0.9050293,0.29248047,0.21704102,-1.5258788,0.5493164,-0.9155273
638,2025-03-14 17:00:09.610000,0.9050293,0.2944336,0.21801758,-1.8920897,0.24414061,-0.7324218
639,2025-03-14 17:00:09.620000,0.90405273,0.2932129,0.2199707,-2.0141602,0.061035153,-0.5493164
640,2025-03-14 17:00:09.640000,0.9033203,0.29638672,0.2175293,-1.8920897,0.0,-0.5493164
641,2025-03-14 17:00:09.650000,0.9030762,0.29418945,0.21533203,-1.7700194,0.061035153,-0.42724606
642,2025-03-14 17:00:09.660000,0.90283203,0.29125977,0.21582031,-1.7089843,0.30517578,-0.42724606
643,2025-03-14 17:00:09.670000,0.9020996,0.29516602,0.21826172,-1.6479491,0.5493164,-0.48828122
644,2025-03-14 17:00:09.680000,0.90283203,0.2915039,0.21923828,-1.8310546,0.5493164,-0.5493164
645,2025-03-14 17:00:09.690000,0.9025879,0.2902832,0.22363281,-1.8310546,0.61035156,-0.42724606
646,2025-03-14 17:00:09.700000,0.9003906,0.2890625,0.2265625,-1.9531249,0.67138666,-0.48828122
647,2025-03-14 17:00:09.710000,0.9025879,0.29003906,0.22827148,-2.1362305,0.48828122,-0.61035156
648,2025-03-14 17:00:09.720000,0.90356445,0.29296875,0.23120117,-2.0141602,0.122070305,-0.42724606
649,2025-03-14 17:00:09.730000,0.90283203,0.2956543,0.23242188,-1.586914,-0.48828122,-0.30517578
650,2025-03-14 17:00:09.740000,0.9050293,0.29638672,0.2290039,-1.2817382,-0.8544921,-0.24414061
651,2025-03-14 17:00:09.750000,0.9069824,0.29541016,0.2265625,-1.0986328,-0.7324218,-0.122070305
652,2025-03-14 17:00:09.760000,0.90771484,0.29663086,0.22436523,-0.8544921,-0.30517578,-0.122070305
653,2025-03-14 17:00:09.770000,0.9067383,0.2944336,0.22631836,-0.30517578,0.061035153,-0.18310545
654,2025-03-14 17:00:09.780000,0.90600586,0.29418945,0.22631836,0.3662109,0.061035153,-0.24414061
655,2025-03-14 17:00:09.790000,0.90722656,0.2944336,0.22875977,0.8544921,-0.18310545,-0.3662109
656,2025-03-14 17:00:09.800000,0.9086914,0.29296875,0.2277832,0.9155273,0.0,-0.24414061
657,2025-03-14 17:00:09.810000,0.9086914,0.28955078,0.22631836,0.7324218,0.24414061,-0.24414061
658,2025-03-14 17:00:09.820000,0.90844727,0.2878418,0.22485352,0.793457,0.30517578,-0.30517578
659,2025-03-14 17:00:09.830000,0.90478516,0.29101562,0.22729492,0.9155273,0.61035156,-0.3662109
660,2025-03-14 17:00:09.840000,0.90625,0.29418945,0.22949219,0.97656244,0.7324218,-0.48828122
661,2025-03-14 17:00:09.850000,0.9067383,0.29418945,0.2331543,0.9155273,0.5493164,-0.48828122
662,2025-03-14 17:00:09.860000,0.9038086,0.29296875,0.23217773,0.61035156,0.122070305,-0.48828122
663,2025-03-14 17:00:09.870000,0.90112305,0.29223633,0.22680664,0.24414061,-0.061035153,-0.48828122
664,2025-03-14 17:00:09.880000,0.9057617,0.29223633,0.2277832,0.061035153,0.0,-0.3662109
665,2025-03-14 17:00:09.890000,0.9082031,0.2902832,0.22949219,0.18310545,0.0,-0.42724606
666,2025-03-14 17:00:09.900000,0.9082031,0.29125977,0.2290039,0.42724606,-0.061035153,-0.61035156
667,2025-03-14 17:00:09.910000,0.9091797,0.29052734,0.22583008,0.61035156,-0.122070305,-0.61035156
668,2025-03-14 17:00:09.920000,0.9099121,0.28930664,0.22192383,0.5493164,-0.3662109,-0.48828122
669,2025-03-14 17:00:09.930000,0.90771484,0.29174805,0.2211914,0.3662109,-0.5493164,-0.3662109
670,2025-03-14 17:00:09.940000,0.90649414,0.2927246,0.21801758,0.122070305,-0.9155273,-0.3662109
671,2025-03-14 17:00:09.950000,0.90625,0.29223633,0.21655273,-0.061035153,-1.2207031,-0.3662109
672,2025-03-14 17:00:09.960000,0.9057617,0.29370117,0.21508789,-0.24414061,-1.3427733,-0.30517578
673,2025-03-14 17:00:09.970000,0.90649414,0.29467773,0.21557617,-0.48828122,-1.4038085,-0.24414061
674,2025-03-14 17:00:09.980000,0.9099121,0.29223633,0.21508789,-0.3662109,-1.2817382,-0.3662109
675,2025-03-14 17:00:09.990000,0.90625,0.2915039,0.21289062,-0.24414061,-0.793457,-0.42724606
676,2025-03-14 17:00:10.000000,0.9069824,0.28833008,0.21313477,-0.122070305,-0.24414061,-0.5493164
677,2025-03-14 17:00:10.010000,0.90649414,0.28955078,0.21362305,-0.061035153,0.061035153,-0.61035156
678,2025-03-14 17:00:10.020000,0.9057617,0.28808594,0.21508789,-0.061035153,0.30517578,-0.7324218
679,2025-03-14 17:00:10.030000,0.90771484,0.29101562,0.2199707,-0.24414061,0.3662109,-0.9155273
680,2025-03-14 17:00:10.040000,0.90478516,0.29101562,0.22045898,-0.42724606,0.30517578,-0.793457
681,2025-03-14 17:00:10.050000,0.9038086,0.2902832,0.22265625,-0.7324218,0.122070305,-0.67138666
682,2025-03-14 17:00:10.060000,0.9057617,0.28955078,0.22290039,-1.159668,-0.122070305,-0.67138666
683,2025-03-14 17:00:10.070000,0.90844727,0.2902832,0.22216797,-1.2207031,-0.3662109,-0.61035156
684,2025-03-14 17:00:10.080000,0.9067383,0.2939453,0.22167969,-1.0375977,-0.30517578,-0.61035156
685,2025-03-14 17:00:10.090000,0.90600586,0.29418945,0.22241211,-0.97656244,-0.24414061,-0.5493164
686,2025-03-14 17:00:10.100000,0.90527344,0.2927246,0.22265625,-0.8544921,-0.24414061,-0.42724606
687,2025-03-14 17:00:10.110000,0.90625,0.29248047,0.21899414,-0.61035156,-0.42724606,-0.42724606
688,2025-03-14 17:00:10.120000,0.9055176,0.29516602,0.21850586,-0.48828122,-0.42724606,-0.5493164
689,2025-03-14 17:00:10.129999,0.9042969,0.29614258,0.22265625,-0.48828122,-0.18310545,-0.5493164
690,2025-03-14 17:00:10.139999,0.90649414,0.29614258,0.22290039,-0.42724606,0.0,-0.61035156
691,2025-03-14 17:00:10.150000,0.90356445,0.29589844,0.22265625,-0.42724606,0.18310545,-0.3662109
692,2025-03-14 17:00:10.160000,0.90283203,0.29711914,0.22485352,-0.18310545,0.3662109,-0.24414061
693,2025-03-14 17:00:10.170000,0.90649414,0.29907227,0.22509766,0.42724606,0.5493164,-0.3662109
694,2025-03-14 17:00:10.180000,0.9104004,0.29785156,0.22290039,0.793457,0.793457,-0.42724606
695,2025-03-14 17:00:10.190000,0.9067383,0.29492188,0.22290039,0.793457,1.0375977,-0.3662109
696,2025-03-14 17:00:10.200000,0.90771484,0.29174805,0.22290039,0.8544921,1.2207031,-0.24414061
697,2025-03-14 17:00:10.210000,0.9099121,0.2849121,0.21875,1.6479491,0.7324218,0.0
698,2025-03-14 17:00:10.220000,0.91430664,0.27734375,0.21386719,3.601074,0.42724606,-0.122070305
699,2025-03-14 17:00:10.230000,0.9169922,0.27539062,0.21948242,5.5541987,0.97656244,-0.61035156
700,2025-03-14 17:00:10.240000,0.9157715,0.28881836,0.24609375,6.469726,0.8544921,-1.4038085
701,2025-03-14 17:00:10.250000,0.9160156,0.3137207,0.26953125,6.103515,-1.2207031,-1.7089843
702,2025-03-14 17:00:10.260000,0.9182129,0.32104492,0.26513672,4.3945312,-4.5166016,-1.2207031
703,2025-03-14 17:00:10.270000,0.920166,0.31103516,0.23461914,2.1972656,-6.774902,-0.3662109
704,2025-03-14 17:00:10.280000,0.9243164,0.29956055,0.21264648,1.2817382,-6.6528316,0.0
705,2025-03-14 17:00:10.290000,0.9238281,0.29541016,0.19921875,2.0141602,-5.9204097,-0.18310545
706,2025-03-14 17:00:10.300000,0.9187012,0.29174805,0.18530273,2.6245115,-5.310058,-0.5493164
707,2025-03-14 17:00:10.310000,0.91967773,0.28466797,0.18408203,3.173828,-5.1269526,-0.67138666
708,2025-03-14 17:00:10.320000,0.9182129,0.27563477,0.18237305,2.0141602,-5.1269526,-0.3662109
709,2025-03-14 17:00:10.330000,0.9082031,0.26049805,0.17529297,0.24414061,-4.333496,-0.122070305
710,2025-03-14 17:00:10.340000,0.8845215,0.24853516,0.1743164,0.122070305,-3.234863,-0.5493164
711,2025-03-14 17:00:10.350000,0.8774414,0.24584961,0.17944336,1.3427733,-1.7700194,-1.586914
712,2025-03-14 17:00:10.360000,0.87353516,0.2631836,0.18798828,1.9531249,-0.67138666,-2.2583008
713,2025-03-14 17:00:10.370000,0.8745117,0.28808594,0.20092773,1.159668,-0.48828122,-2.1362305
714,2025-03-14 17:00:10.380000,0.88305664,0.31054688,0.21557617,-0.42724606,-1.7700194,-1.5258788
715,2025-03-14 17:00:10.390000,0.8964844,0.3244629,0.22192383,-1.0375977,-3.4179685,-1.0375977
716,2025-03-14 17:00:10.400000,0.90625,0.33032227,0.22045898,-0.42724606,-4.0283203,-0.67138666
717,2025-03-14 17:00:10.410000,0.91137695,0.33081055,0.21801758,0.30517578,-3.4179685,-0.5493164
718,2025-03-14 17:00:10.420000,0.9116211,0.32739258,0.22143555,0.8544921,-2.1362305,-0.42724606
719,2025-03-14 17:00:10.430000,0.91186523,0.32714844,0.23632812,1.4648436,-0.8544921,-0.18310545
720,2025-03-14 17:00:10.440000,0.9187012,0.3059082,0.25756836,2.1972656,-0.97656244,0.5493164
721,2025-03-14 17:00:10.450000,0.92749023,0.28344727,0.26489258,2.9907224,-3.4179685,0.793457
722,2025-03-14 17:00:10.460000,0.9296875,0.2866211,0.25683594,5.3710933,-6.2255855,-0.5493164
723,2025-03-14 17:00:10.470000,0.9160156,0.29589844,0.23217773,6.5307612,-5.4321284,-1.6479491
724,2025-03-14 17:00:10.480000,0.90966797,0.2993164,0.21948242,3.2958982,-2.5024414,-1.2207031
725,2025-03-14 17:00:10.490000,0.9194336,0.3076172,0.21704102,-0.42724606,-1.586914,-0.061035153
726,2025-03-14 17:00:10.500000,0.9291992,0.31176758,0.20214844,-1.5258788,-3.8452146,0.97656244
727,2025-03-14 17:00:10.510000,0.9345703,0.31054688,0.17675781,-1.4038085,-6.9580073,1.7089843
728,2025-03-14 17:00:10.520000,0.92993164,0.30322266,0.15600586,-0.8544921,-8.178711,1.4038085
729,2025-03-14 17:00:10.530000,0.91064453,0.2919922,0.14086914,-0.61035156,-4.4555664,0.5493164
730,2025-03-14 17:00:10.540000,0.89208984,0.27392578,0.13378906,-2.5634763,1.4648436,-0.18310545
731,2025-03-14 17:00:10.550000,0.8835449,0.25854492,0.13378906,-5.004883,5.1269526,-0.42724606
732,2025-03-14 17:00:10.560000,0.8769531,0.25439453,0.14477539,-5.4931636,6.04248,-0.67138666
733,2025-03-14 17:00:10.570000,0.87158203,0.26123047,0.15014648,-4.1503906,5.004883,-0.97656244
734,2025-03-14 17:00:10.580000,0.87524414,0.27416992,0.15258789,-2.868652,3.1127927,-1.2817382
735,2025-03-14 17:00:10.590000,0.88012695,0.28320312,0.14941406,-1.4038085,1.159668,-1.3427733
736,2025-03-14 17:00:10.600000,0.8964844,0.296875,0.15258789,-0.8544921,0.61035156,-1.2207031
737,2025-03-14 17:00:10.610000,0.91503906,0.30541992,0.16455078,-1.586914,2.1972656,-0.8544921
738,2025-03-14 17:00:10.620000,0.920166,0.30737305,0.1809082,-2.9907224,4.5166016,-0.42724606
739,2025-03-14 17:00:10.630000,0.90844727,0.31323242,0.19262695,-4.1503906,7.5073237,-0.30517578
740,2025-03-14 17:00:10.640000,0.9016113,0.3251953,0.22241211,-5.249023,10.375976,0.0
741,2025-03-14 17:00:10.650000,0.9016113,0.32861328,0.24072266,-6.5307612,9.643555,0.8544921
742,2025-03-14 17:00:10.660000,0.90527344,0.3166504,0.2475586,-7.0190425,5.249023,1.6479491
743,2025-03-14 17:00:10.670000,0.91552734,0.29492188,0.25024414,-5.981445,-0.3662109,2.0751953
744,2025-03-14 17:00:10.680000,0.92529297,0.28051758,0.25439453,-4.638672,-3.3569334,2.1972656
745,2025-03-14 17:00:10.690000,0.9265137,0.2788086,0.25390625,-4.5776367,-2.9296873,1.8920897
746,2025-03-14 17:00:10.700000,0.9165039,0.28295898,0.25390625,-5.1269526,-1.3427733,1.8310546
747,2025-03-14 17:00:10.710000,0.9104004,0.28881836,0.24584961,-4.8828125,-0.061035153,2.1362305
748,2025-03-14 17:00:10.720000,0.90722656,0.28881836,0.2397461,-3.234863,0.061035153,1.9531249
749,2025-03-14 17:00:10.730000,0.9069824,0.29174805,0.24316406,-0.61035156,-0.7324218,1.586914
750,2025-03-14 17:00:10.740000,0.91137695,0.28833008,0.23901367,2.6245115,-2.0141602,0.61035156
751,2025-03-14 17:00:10.750000,0.9172363,0.29101562,0.23754883,4.3945312,-2.5024414,-1.159668
752,2025-03-14 17:00:10.760000,0.9248047,0.3010254,0.23168945,1.8310546,-3.1127927,-1.8310546
753,2025-03-14 17:00:10.770000,0.9289551,0.3017578,0.20654297,-1.8920897,-3.0517576,-0.61035156
754,2025-03-14 17:00:10.780000,0.92578125,0.29174805,0.18457031,-2.2583008,-1.7089843,0.5493164
755,2025-03-14 17:00:10.790000,0.92211914,0.29101562,0.15917969,-0.7324218,-0.67138666,0.3662109
756,2025-03-14 17:00:10.800000,0.9223633,0.29785156,0.13671875,0.24414061,0.3662109,-0.30517578
757,2025-03-14 17:00:10.810000,0.920166,0.29541016,0.14379883,0.0,0.97656244,-0.5493164
758,2025-03-14 17:00:10.820000,0.91430664,0.28125,0.14819336,-1.3427733,1.8310546,-0.30517578
759,2025-03-14 17:00:10.830000,0.9086914,0.26904297,0.14990234,-2.1362305,3.9062498,-0.3662109
760,2025-03-14 17:00:10.850000,0.89746094,0.26049805,0.14990234,-1.7089843,6.2255855,-0.97656244
761,2025-03-14 17:00:10.860000,0.88793945,0.25634766,0.14819336,-1.6479491,8.728027,-1.8920897
762,2025-03-14 17:00:10.870000,0.8815918,0.26098633,0.17236328,-1.8310546,10.559081,-2.4414062
763,2025-03-14 17:00:10.879999,0.8815918,0.265625,0.20410156,-2.2583008,10.437011,-2.319336
764,2025-03-14 17:00:10.889999,0.8930664,0.2788086,0.22094727,-2.1362305,8.728027,-2.319336
765,2025-03-14 17:00:10.899999,0.8967285,0.28588867,0.23046875,-1.586914,7.141113,-2.319336
766,2025-03-14 17:00:10.909999,0.8942871,0.29638672,0.23461914,-1.7089843,6.103515,-2.319336
767,2025-03-14 17:00:10.919999,0.9020996,0.3083496,0.24511719,-1.2207031,6.1645503,-2.1972656
768,2025-03-14 17:00:10.929999,0.9135742,0.31469727,0.26660156,-0.30517578,6.2866206,-1.6479491
769,2025-03-14 17:00:10.939999,0.9248047,0.31640625,0.2775879,-0.061035153,4.5166016,-0.7324218
770,2025-03-14 17:00:10.949999,0.93774414,0.31176758,0.27978516,0.5493164,0.8544921,-0.061035153
771,2025-03-14 17:00:10.960000,0.94384766,0.30322266,0.2692871,1.6479491,-1.586914,0.122070305
772,2025-03-14 17:00:10.970000,0.9338379,0.29736328,0.26635742,2.6855466,-0.42724606,-0.67138666
773,2025-03-14 17:00:10.980000,0.921875,0.30371094,0.26293945,3.234863,2.1362305,-1.9531249
774,2025-03-14 17:00:10.990000,0.9055176,0.3071289,0.26464844,2.6855466,2.1362305,-1.9531249
775,2025-03-14 17:00:11.000000,0.90478516,0.30297852,0.26098633,0.48828122,-1.5258788,-1.0986328
776,2025-03-14 17:00:11.010000,0.90844727,0.29833984,0.24243164,-1.0375977,-5.981445,-0.122070305
777,2025-03-14 17:00:11.020000,0.90966797,0.29589844,0.20751953,-0.97656244,-7.93457,0.061035153
778,2025-03-14 17:00:11.030000,0.9067383,0.29296875,0.17944336,0.24414061,-5.9204097,-0.30517578
779,2025-03-14 17:00:11.040000,0.8979492,0.29052734,0.16796875,0.97656244,-0.793457,-0.9155273
780,2025-03-14 17:00:11.050000,0.89160156,0.2932129,0.17553711,0.7324218,3.9062498,-1.2817382
781,2025-03-14 17:00:11.060000,0.892334,0.28710938,0.1887207,0.8544921,4.9438477,-1.0986328
782,2025-03-14 17:00:11.070000,0.89575195,0.28320312,0.18798828,1.4648436,3.3569334,-0.97656244
783,2025-03-14 17:00:11.080000,0.90185547,0.2866211,0.18164062,0.7324218,1.159668,-0.793457
784,2025-03-14 17:00:11.090000,0.9074707,0.28686523,0.17700195,-0.061035153,0.7324218,-0.67138666
785,2025-03-14 17:00:11.100000,0.9067383,0.28857422,0.1862793,-0.30517578,3.2958982,-0.67138666
786,2025-03-14 17:00:11.110000,0.9050293,0.29467773,0.20629883,-0.67138666,5.981445,-0.67138666
787,2025-03-14 17:00:11.120000,0.90283203,0.29907227,0.22875977,-1.4038085,6.469726,-0.48828122
788,2025-03-14 17:00:11.129999,0.9055176,0.2980957,0.23901367,-1.4038085,4.5166016,0.0
789,2025-03-14 17:00:11.139999,0.90844727,0.29638672,0.24536133,-1.586914,1.159668,0.24414061
790,2025-03-14 17:00:11.150000,0.9116211,0.29736328,0.25195312,-1.5258788,-1.8310546,0.48828122
791,2025-03-14 17:00:11.160000,0.9160156,0.29541016,0.24975586,-0.67138666,-3.3569334,0.48828122
792,2025-03-14 17:00:11.170000,0.9099121,0.29516602,0.24829102,-0.97656244,-2.9907224,0.67138666
793,2025-03-14 17:00:11.180000,0.90844727,0.29516602,0.2529297,-0.97656244,-2.0751953,1.0375977
794,2025-03-14 17:00:11.190000,0.9111328,0.29467773,0.25024414,0.97656244,-2.2583008,1.0986328
795,2025-03-14 17:00:11.200000,0.91918945,0.28686523,0.23950195,3.173828,-3.173828,0.24414061
796,2025-03-14 17:00:11.210000,0.91748047,0.28564453,0.23657227,4.5776367,-3.9062498,-0.9155273
797,2025-03-14 17:00:11.220000,0.9140625,0.29052734,0.22705078,4.272461,-3.7841794,-1.3427733
798,2025-03-14 17:00:11.230000,0.9147949,0.28857422,0.20947266,2.1362305,-2.6245115,-1.0986328
799,2025-03-14 17:00:11.240000,0.90966797,0.28735352,0.1953125,1.0375977,-2.380371,-0.48828122
800,2025-03-14 17:00:11.250000,0.9074707,0.29052734,0.17822266,0.97656244,-2.868652,-0.3662109
801,2025-03-14 17:00:11.260000,0.90844727,0.29516602,0.16040039,0.7324218,-2.1972656,-0.793457
802,2025-03-14 17:00:11.270000,0.9086914,0.29541016,0.15576172,0.122070305,-0.42724606,-1.159668
803,2025-03-14 17:00:11.280000,0.8984375,0.29296875,0.16503906,-1.2207031,2.1362305,-0.97656244
804,2025-03-14 17:00:11.290000,0.89331055,0.28759766,0.17553711,-2.4414062,4.333496,-0.5493164
805,2025-03-14 17:00:11.300000,0.89501953,0.28125,0.18554688,-2.2583008,4.638672,-0.5493164
806,2025-03-14 17:00:11.310000,0.8996582,0.28515625,0.1953125,-1.2207031,3.234863,-0.61035156
807,2025-03-14 17:00:11.320000,0.90649414,0.2956543,0.2097168,-0.7324218,2.2583008,-0.7324218
808,2025-03-14 17:00:11.330000,0.9121094,0.3005371,0.21875,-0.7324218,2.2583008,-0.5493164
809,2025-03-14 17:00:11.340000,0.9094238,0.3034668,0.22192383,-1.0375977,2.868652,-0.61035156
810,2025-03-14 17:00:11.350000,0.9067383,0.29760742,0.23608398,-1.8920897,3.9062498,-0.61035156
811,2025-03-14 17:00:11.360000,0.90063477,0.29296875,0.25195312,-1.7089843,4.0283203,-0.3662109
812,2025-03-14 17:00:11.370000,0.9003906,0.28979492,0.26391602,-0.61035156,2.6245115,-0.061035153
813,2025-03-14 17:00:11.380000,0.90185547,0.28686523,0.27124023,-0.3662109,0.122070305,0.48828122
814,2025-03-14 17:00:11.390000,0.9104004,0.29052734,0.26586914,-1.0375977,-2.868652,0.97656244
815,2025-03-14 17:00:11.400000,0.91430664,0.29516602,0.2524414,-1.4648436,-4.5166016,1.159668
816,2025-03-14 17:00:11.410000,0.90771484,0.296875,0.24926758,-1.8920897,-3.5400388,1.0375977
817,2025-03-14 17:00:11.420000,0.89941406,0.2915039,0.24121094,-1.8920897,-2.6245115,0.7324218
818,2025-03-14 17:00:11.430000,0.8989258,0.28930664,0.22973633,-1.159668,-3.0517576,0.42724606
819,2025-03-14 17:00:11.440000,0.9055176,0.29467773,0.22265625,-0.42724606,-3.967285,0.30517578
820,2025-03-14 17:00:11.450000,0.91552734,0.29663086,0.21044922,-0.97656244,-4.3945312,0.42724606
821,2025-03-14 17:00:11.460000,0.9189453,0.29223633,0.20385742,-2.0751953,-4.211426,0.5493164
822,2025-03-14 17:00:11.470000,0.9169922,0.28515625,0.19897461,-2.2583008,-3.4790037,0.42724606
823,2025-03-14 17:00:11.480000,0.9147949,0.28149414,0.18310547,-1.9531249,-2.7465818,0.122070305
824,2025-03-14 17:00:11.490000,0.9147949,0.27685547,0.16333008,-1.8310546,-2.7465818,-0.061035153
825,2025-03-14 17:00:11.500000,0.9128418,0.2763672,0.1508789,-1.8310546,-2.807617,-0.122070305
826,2025-03-14 17:00:11.510000,0.9091797,0.27978516,0.15258789,-2.1362305,-2.0751953,-0.18310545
827,2025-03-14 17:00:11.520000,0.90625,0.28320312,0.1628418,-2.7465818,-0.8544921,-0.24414061
828,2025-03-14 17:00:11.530000,0.904541,0.27978516,0.16455078,-2.807617,0.061035153,-0.122070305
829,2025-03-14 17:00:11.540000,0.9020996,0.28076172,0.17138672,-2.2583008,0.7324218,-0.18310545
830,2025-03-14 17:00:11.550000,0.9042969,0.28393555,0.18823242,-1.8310546,1.8310546,-0.42724606
831,2025-03-14 17:00:11.560000,0.9091797,0.28979492,0.20385742,-1.7700194,3.1127927,-0.67138666
832,2025-03-14 17:00:11.570000,0.9016113,0.29638672,0.21557617,-2.380371,4.0283203,-0.67138666
833,2025-03-14 17:00:11.580000,0.9003906,0.3017578,0.23339844,-2.868652,4.8217773,-0.48828122
834,2025-03-14 17:00:11.590000,0.90063477,0.3005371,0.23657227,-1.8920897,4.5776367,-0.42724606
835,2025-03-14 17:00:11.600000,0.8979492,0.29003906,0.22436523,-1.159668,4.0283203,-0.48828122
836,2025-03-14 17:00:11.610000,0.9008789,0.28100586,0.22460938,-0.61035156,4.0893555,-0.793457
837,2025-03-14 17:00:11.620000,0.90405273,0.27856445,0.2290039,0.0,4.333496,-0.8544921
838,2025-03-14 17:00:11.630000,0.9074707,0.2770996,0.23803711,0.67138666,4.638672,-0.97656244
839,2025-03-14 17:00:11.640000,0.9099121,0.27856445,0.24584961,0.5493164,3.601074,-1.0375977
840,2025-03-14 17:00:11.650000,0.91015625,0.2841797,0.2421875,-0.8544921,2.1362305,-0.793457
841,2025-03-14 17:00:11.660000,0.9187012,0.2915039,0.2397461,-2.5024414,1.0986328,-0.122070305
842,2025-03-14 17:00:11.670000,0.9223633,0.29589844,0.23535156,-3.4790037,0.48828122,0.48828122
843,2025-03-14 17:00:11.680000,0.9172363,0.29760742,0.23632812,-4.0283203,1.0375977,0.61035156
844,2025-03-14 17:00:11.690000,0.9123535,0.29956055,0.24804688,-2.9907224,0.8544921,0.67138666
845,2025-03-14 17:00:11.700000,0.91137695,0.29785156,0.24316406,-0.18310545,-0.793457,0.8544921
846,2025-03-14 17:00:11.710000,0.9086914,0.30126953,0.22216797,1.2207031,-1.8310546,0.61035156
847,2025-03-14 17:00:11.720000,0.9121094,0.30566406,0.21777344,1.7089843,-1.0375977,0.3662109
848,2025-03-14 17:00:11.730000,0.9169922,0.3095703,0.2290039,1.6479491,-0.122070305,0.3662109
849,2025-03-14 17:00:11.740000,0.91381836,0.3137207,0.23608398,0.7324218,-0.30517578,0.3662109
850,2025-03-14 17:00:11.750000,0.9123535,0.3083496,0.24804688,-0.18310545,-0.793457,0.61035156
851,2025-03-14 17:00:11.760000,0.9177246,0.31079102,0.25219727,0.122070305,-0.3662109,0.48828122
852,2025-03-14 17:00:11.770000,0.9094238,0.30688477,0.2331543,0.42724606,-0.48828122,0.3662109
853,2025-03-14 17:00:11.780000,0.9001465,0.3010254,0.2199707,-0.3662109,-1.2817382,0.793457
854,2025-03-14 17:00:11.790000,0.89941406,0.29418945,0.21362305,0.18310545,-1.2207031,0.8544921
855,2025-03-14 17:00:11.800000,0.90283203,0.2849121,0.20410156,1.7700194,-1.2207031,0.48828122
856,2025-03-14 17:00:11.810000,0.91186523,0.27319336,0.18774414,2.7465818,-1.159668,0.122070305
857,2025-03-14 17:00:11.820000,0.9135742,0.25805664,0.18115234,3.4790037,-0.24414061,-0.3662109
858,2025-03-14 17:00:11.830000,0.9172363,0.24951172,0.18115234,3.7231443,0.67138666,-0.9155273
859,2025-03-14 17:00:11.840000,0.921875,0.25097656,0.18457031,2.9907224,0.9155273,-1.159668
860,2025-03-14 17:00:11.850000,0.923584,0.2548828,0.19311523,2.2583008,0.8544921,-1.3427733
861,2025-03-14 17:00:11.860000,0.9211426,0.26757812,0.20214844,2.5024414,0.24414061,-1.8310546
862,2025-03-14 17:00:11.870000,0.9160156,0.28442383,0.20947266,2.2583008,-0.8544921,-2.0751953
863,2025-03-14 17:00:11.880000,0.9145508,0.29736328,0.21557617,0.5493164,-1.0986328,-1.7700194
864,2025-03-14 17:00:11.890000,0.9121094,0.29614258,0.21826172,-0.61035156,-0.7324218,-1.4038085
865,2025-03-14 17:00:11.900000,0.90722656,0.29077148,0.22070312,-0.122070305,-0.18310545,-1.3427733
866,2025-03-14 17:00:11.910000,0.9008789,0.29248047,0.22485352,0.61035156,0.061035153,-1.4648436
867,2025-03-14 17:00:11.920000,0.90185547,0.29345703,0.22387695,1.0375977,-0.30517578,-1.5258788
868,2025-03-14 17:00:11.930000,0.9008789,0.2944336,0.2241211,0.7324218,-0.122070305,-1.5258788
869,2025-03-14 17:00:11.940000,0.9008789,0.2944336,0.22924805,0.3662109,0.122070305,-1.159668
870,2025-03-14 17:00:11.950000,0.90112305,0.29614258,0.2265625,0.24414061,-0.30517578,-0.9155273
871,2025-03-14 17:00:11.960000,0.9020996,0.2956543,0.21899414,0.42724606,-0.97656244,-0.793457
872,2025-03-14 17:00:11.970000,0.9020996,0.29516602,0.21020508,0.3662109,-1.3427733,-0.793457
873,2025-03-14 17:00:11.980000,0.9055176,0.29638672,0.21069336,0.30517578,-1.4038085,-0.5493164
874,2025-03-14 17:00:11.990000,0.9123535,0.29760742,0.21728516,0.0,-1.2817382,-0.3662109
875,2025-03-14 17:00:12.000000,0.9152832,0.29663086,0.22509766,-0.061035153,-1.4038085,-0.3662109
876,2025-03-14 17:00:12.010000,0.9172363,0.29638672,0.22631836,0.42724606,-1.586914,-0.42724606
877,2025-03-14 17:00:12.020000,0.91674805,0.3017578,0.23339844,0.61035156,-1.8920897,-0.42724606
878,2025-03-14 17:00:12.030000,0.9147949,0.30126953,0.22729492,0.061035153,-2.1362305,-0.24414061
879,2025-03-14 17:00:12.040000,0.9104004,0.2939453,0.21191406,-0.30517578,-1.586914,-0.122070305
880,2025-03-14 17:00:12.060000,0.9055176,0.28442383,0.19116211,0.122070305,-0.793457,-0.18310545
881,2025-03-14 17:00:12.070000,0.8996582,0.2763672,0.17651367,0.9155273,-0.30517578,-0.48828122
882,2025-03-14 17:00:12.080000,0.8991699,0.2685547,0.17675781,1.4038085,0.18310545,-0.7324218
883,2025-03-14 17:00:12.090000,0.90234375,0.27246094,0.18652344,1.0986328,0.42724606,-0.9155273
884,2025-03-14 17:00:12.100000,0.9082031,0.28295898,0.19726562,0.24414061,0.97656244,-0.9155273
885,2025-03-14 17:00:12.110000,0.9140625,0.2866211,0.203125,-0.122070305,1.0986328,-0.67138666
886,2025-03-14 17:00:12.120000,0.9169922,0.28808594,0.20654297,-0.18310545,0.18310545,-0.42724606
887,2025-03-14 17:00:12.129999,0.91845703,0.28442383,0.20678711,-0.3662109,0.122070305,-0.7324218
888,2025-03-14 17:00:12.139999,0.9157715,0.2866211,0.20629883,-0.48828122,0.8544921,-0.97656244
889,2025-03-14 17:00:12.149999,0.90649414,0.28271484,0.20996094,-0.18310545,1.4648436,-1.159668
890,2025-03-14 17:00:12.159999,0.9025879,0.2866211,0.2175293,-0.061035153,1.6479491,-1.2207031
891,2025-03-14 17:00:12.170000,0.90112305,0.28808594,0.22094727,0.0,1.4648436,-1.159668
892,2025-03-14 17:00:12.180000,0.90283203,0.28710938,0.22265625,0.122070305,0.97656244,-1.0986328
893,2025-03-14 17:00:12.190000,0.90600586,0.29003906,0.2241211,0.18310545,0.18310545,-0.9155273
894,2025-03-14 17:00:12.200000,0.9074707,0.29345703,0.22338867,-0.18310545,-0.48828122,-0.793457
895,2025-03-14 17:00:12.210000,0.90722656,0.29785156,0.22631836,-0.61035156,-0.67138666,-0.5493164
896,2025-03-14 17:00:12.220000,0.9086914,0.30273438,0.22753906,-0.7324218,-0.97656244,-0.30517578
897,2025-03-14 17:00:12.230000,0.9094238,0.30151367,0.22094727,-0.42724606,-1.2817382,-0.122070305
898,2025-03-14 17:00:12.240000,0.9128418,0.30126953,0.21484375,0.18310545,-1.8920897,-0.30517578
899,2025-03-14 17:00:12.250000,0.91259766,0.30126953,0.20800781,0.18310545,-2.0751953,-0.42724606
900,2025-03-14 17:00:12.260000,0.91259766,0.29614258,0.20239258,-0.061035153,-1.4038085,-0.3662109
901,2025-03-14 17:00:12.270000,0.91186523,0.2932129,0.19799805,-0.3662109,-0.42724606,-0.30517578
902,2025-03-14 17:00:12.280000,0.9091797,0.29296875,0.20043945,-0.61035156,0.24414061,-0.24414061
903,2025-03-14 17:00:12.290000,0.907959,0.29248047,0.20263672,-0.5493164,0.3662109,-0.24414061
904,2025-03-14 17:00:12.300000,0.9099121,0.29052734,0.20507812,-0.48828122,0.3662109,-0.30517578
905,2025-03-14 17:00:12.310000,0.9091797,0.28833008,0.20336914,-0.42724606,0.122070305,-0.24414061
906,2025-03-14 17:00:12.320000,0.90893555,0.28930664,0.2043457,-0.3662109,0.0,-0.30517578
907,2025-03-14 17:00:12.330000,0.9108887,0.28881836,0.20874023,-0.122070305,0.48828122,-0.42724606
908,2025-03-14 17:00:12.340000,0.9091797,0.2854004,0.21459961,0.0,1.0986328,-0.42724606
909,2025-03-14 17:00:12.350000,0.9108887,0.28759766,0.21655273,-0.24414061,1.3427733,-0.42724606
910,2025-03-14 17:00:12.360000,0.9116211,0.28735352,0.21704102,-0.30517578,1.2207031,-0.3662109
911,2025-03-14 17:00:12.370000,0.9133301,0.28564453,0.21484375,-0.18310545,1.2207031,-0.5493164
912,2025-03-14 17:00:12.380000,0.91552734,0.28637695,0.21508789,0.0,1.159668,-0.7324218
913,2025-03-14 17:00:12.390000,0.91064453,0.28759766,0.2175293,0.122070305,1.0375977,-0.9155273
914,2025-03-14 17:00:12.400000,0.9069824,0.29125977,0.21435547,0.061035153,1.0375977,-0.8544921
915,2025-03-14 17:00:12.410000,0.90527344,0.2932129,0.21459961,-0.061035153,0.9155273,-0.5493164
916,2025-03-14 17:00:12.420000,0.9067383,0.29516602,0.21508789,0.122070305,-0.122070305,-0.42724606
917,2025-03-14 17:00:12.430000,0.9104004,0.29467773,0.21582031,0.42724606,-1.586914,-0.3662109
918,2025-03-14 17:00:12.440000,0.91259766,0.29223633,0.20678711,0.42724606,-2.5634763,-0.30517578
919,2025-03-14 17:00:12.450000,0.91503906,0.29345703,0.20288086,0.3662109,-2.1972656,-0.48828122
920,2025-03-14 17:00:12.460000,0.9108887,0.2956543,0.20629883,0.3662109,-1.159668,-0.3662109
921,2025-03-14 17:00:12.470000,0.9104004,0.29223633,0.20922852,0.3662109,-0.793457,-0.24414061
922,2025-03-14 17:00:12.480000,0.9099121,0.29003906,0.20947266,0.7324218,-1.4038085,-0.24414061
923,2025-03-14 17:00:12.490000,0.9099121,0.29492188,0.2055664,0.9155273,-2.2583008,-0.3662109
924,2025-03-14 17:00:12.500000,0.9082031,0.2927246,0.20336914,0.122070305,-2.1362305,-0.24414061
925,2025-03-14 17:00:12.510000,0.9082031,0.28955078,0.20654297,-0.48828122,-1.3427733,-0.24414061
926,2025-03-14 17:00:12.520000,0.907959,0.29248047,0.21069336,-0.5493164,-1.159668,-0.061035153
927,2025-03-14 17:00:12.530000,0.9086914,0.29516602,0.20922852,-0.61035156,-1.8310546,0.122070305
928,2025-03-14 17:00:12.540000,0.90844727,0.28930664,0.20019531,-0.67138666,-2.1362305,0.0
929,2025-03-14 17:00:12.550000,0.9069824,0.29174805,0.19750977,-0.48828122,-1.4038085,-0.18310545
930,2025-03-14 17:00:12.560000,0.9094238,0.29174805,0.20410156,-0.18310545,-0.5493164,-0.30517578
931,2025-03-14 17:00:12.570000,0.9121094,0.2902832,0.20336914,-0.42724606,-0.18310545,-0.18310545
932,2025-03-14 17:00:12.580000,0.91503906,0.28955078,0.20263672,-0.5493164,-0.30517578,-0.24414061
933,2025-03-14 17:00:12.590000,0.91674805,0.28588867,0.19799805,-0.5493164,-0.3662109,-0.30517578
934,2025-03-14 17:00:12.600000,0.9128418,0.28320312,0.1965332,-0.5493164,0.8544921,-0.5493164
935,2025-03-14 17:00:12.610000,0.9069824,0.2854004,0.20263672,-0.3662109,2.1972656,-0.793457
936,2025-03-14 17:00:12.620000,0.90625,0.28881836,0.2097168,-0.18310545,2.0751953,-0.8544921
937,2025-03-14 17:00:12.630000,0.9099121,0.28808594,0.20800781,-0.61035156,1.0375977,-0.61035156
938,2025-03-14 17:00:12.640000,0.9128418,0.28686523,0.20727539,-0.7324218,0.61035156,-0.61035156
939,2025-03-14 17:00:12.650000,0.9108887,0.28955078,0.20825195,-0.67138666,1.0375977,-0.67138666
940,2025-03-14 17:00:12.660000,0.90649414,0.2927246,0.21362305,-0.7324218,1.7089843,-0.61035156
941,2025-03-14 17:00:12.670000,0.907959,0.29541016,0.21850586,-0.8544921,1.586914,-0.61035156
942,2025-03-14 17:00:12.680000,0.91137695,0.2939453,0.21655273,-0.9155273,0.5493164,-0.3662109
943,2025-03-14 17:00:12.690000,0.91552734,0.29541016,0.21435547,-0.7324218,-0.42724606,-0.18310545
944,2025-03-14 17:00:12.700000,0.91503906,0.29711914,0.20654297,-0.3662109,-0.5493164,-0.30517578
945,2025-03-14 17:00:12.710000,0.9116211,0.29736328,0.20654297,-0.3662109,0.30517578,-0.42724606
946,2025-03-14 17:00:12.720000,0.90600586,0.29614258,0.20581055,-0.793457,1.4648436,-0.5493164
947,2025-03-14 17:00:12.730000,0.90283203,0.29663086,0.20507812,-1.159668,1.6479491,-0.48828122
948,2025-03-14 17:00:12.740000,0.90625,0.29614258,0.20410156,-1.0375977,0.61035156,-0.30517578
949,2025-03-14 17:00:12.750000,0.9133301,0.2944336,0.20214844,-0.8544921,-0.42724606,-0.122070305
950,2025-03-14 17:00:12.760000,0.9157715,0.29345703,0.20385742,-0.9155273,-0.42724606,-0.24414061
951,2025-03-14 17:00:12.770000,0.9140625,0.28808594,0.2097168,-0.97656244,0.3662109,-0.18310545
952,2025-03-14 17:00:12.780000,0.91186523,0.28173828,0.20922852,-0.97656244,1.0986328,-0.30517578
953,2025-03-14 17:00:12.790000,0.90722656,0.27954102,0.20727539,-0.8544921,1.3427733,-0.42724606
954,2025-03-14 17:00:12.800000,0.9057617,0.28198242,0.20678711,-0.48828122,0.5493164,-0.48828122
955,2025-03-14 17:00:12.810000,0.9074707,0.2836914,0.20751953,-0.3662109,-0.5493164,-0.5493164
956,2025-03-14 17:00:12.820000,0.9111328,0.28466797,0.20605469,-0.42724606,-1.2817382,-0.48828122
957,2025-03-14 17:00:12.830000,0.91381836,0.2841797,0.20336914,-0.48828122,-0.9155273,-0.48828122
958,2025-03-14 17:00:12.840000,0.9128418,0.2890625,0.2043457,-0.48828122,0.18310545,-0.61035156
959,2025-03-14 17:00:12.850000,0.9104004,0.29174805,0.21264648,-0.61035156,0.8544921,-0.61035156
960,2025-03-14 17:00:12.860000,0.9123535,0.29614258,0.21411133,-0.793457,0.48828122,-0.61035156
961,2025-03-14 17:00:12.870000,0.9152832,0.29785156,0.21313477,-0.61035156,-0.30517578,-0.48828122
962,2025-03-14 17:00:12.879999,0.91381836,0.2956543,0.21044922,-0.3662109,-0.48828122,-0.42724606
963,2025-03-14 17:00:12.889999,0.91381836,0.29492188,0.20776367,-0.24414061,0.30517578,-0.67138666
964,2025-03-14 17:00:12.899999,0.9086914,0.29345703,0.21020508,-0.18310545,1.4648436,-0.793457
965,2025-03-14 17:00:12.909999,0.90771484,0.29296875,0.21118164,0.061035153,1.8310546,-0.7324218
966,2025-03-14 17:00:12.919999,0.90966797,0.29077148,0.21264648,0.122070305,1.4648436,-0.67138666
967,2025-03-14 17:00:12.929999,0.90771484,0.2927246,0.21264648,0.30517578,0.67138666,-0.61035156
968,2025-03-14 17:00:12.939999,0.90625,0.2919922,0.20727539,0.3662109,0.7324218,-0.61035156
969,2025-03-14 17:00:12.949999,0.90527344,0.29248047,0.2055664,0.48828122,1.0375977,-0.7324218
970,2025-03-14 17:00:12.960000,0.9057617,0.2932129,0.20532227,0.5493164,0.8544921,-0.61035156
971,2025-03-14 17:00:12.970000,0.9133301,0.29125977,0.20678711,0.5493164,0.18310545,-0.48828122
972,2025-03-14 17:00:12.980000,0.91748047,0.28759766,0.21118164,0.18310545,-0.18310545,-0.48828122
973,2025-03-14 17:00:12.990000,0.9165039,0.28222656,0.20874023,0.061035153,0.0,-0.42724606
974,2025-03-14 17:00:13.000000,0.91430664,0.28222656,0.20507812,0.30517578,0.122070305,-0.5493164
975,2025-03-14 17:00:13.010000,0.91186523,0.28173828,0.2043457,0.7324218,-0.30517578,-0.7324218
976,2025-03-14 17:00:13.020000,0.9086914,0.28442383,0.2019043,0.97656244,-0.97656244,-0.67138666
977,2025-03-14 17:00:13.030000,0.9074707,0.2878418,0.2043457,0.8544921,-1.4038085,-0.7324218
978,2025-03-14 17:00:13.040000,0.9099121,0.2927246,0.21191406,0.42724606,-1.7700194,-0.3662109
979,2025-03-14 17:00:13.050000,0.9121094,0.29956055,0.21899414,0.30517578,-2.4414062,-0.122070305
980,2025-03-14 17:00:13.060000,0.9152832,0.30249023,0.22705078,0.42724606,-3.7841794,-0.061035153
981,2025-03-14 17:00:13.070000,0.91918945,0.30444336,0.22680664,0.18310545,-5.187988,0.0
982,2025-03-14 17:00:13.080000,0.9206543,0.29833984,0.21972656,-0.42724606,-5.0659175,0.0
983,2025-03-14 17:00:13.090000,0.9160156,0.2915039,0.21118164,-0.3662109,-3.2958982,-0.061035153
984,2025-03-14 17:00:13.100000,0.90649414,0.28686523,0.2084961,0.30517578,-1.2817382,-0.061035153
985,2025-03-14 17:00:13.110000,0.8996582,0.28979492,0.20654297,0.61035156,-0.3662109,-0.061035153
986,2025-03-14 17:00:13.120000,0.89941406,0.28710938,0.19555664,0.8544921,-0.97656244,0.0
987,2025-03-14 17:00:13.129999,0.9013672,0.28637695,0.18383789,1.0986328,-1.9531249,-0.061035153
988,2025-03-14 17:00:13.139999,0.90283203,0.28857422,0.17993164,0.9155273,-1.8310546,-0.18310545
989,2025-03-14 17:00:13.149999,0.9099121,0.28979492,0.18041992,0.793457,-1.2817382,-0.30517578
990,2025-03-14 17:00:13.159999,0.91308594,0.2939453,0.1821289,0.5493164,-0.61035156,-0.42724606
991,2025-03-14 17:00:13.170000,0.9157715,0.29345703,0.1862793,0.0,0.30517578,-0.48828122
992,2025-03-14 17:00:13.180000,0.91381836,0.29003906,0.19262695,-0.48828122,1.0986328,-0.24414061
993,2025-03-14 17:00:13.190000,0.91308594,0.28930664,0.19848633,-0.5493164,1.7700194,-0.30517578
994,2025-03-14 17:00:13.200000,0.9123535,0.2878418,0.2043457,-0.18310545,1.7089843,-0.42724606
995,2025-03-14 17:00:13.210000,0.9152832,0.28857422,0.20410156,0.0,1.0986328,-0.61035156
996,2025-03-14 17:00:13.220000,0.9133301,0.28637695,0.19970703,-0.18310545,0.48828122,-0.61035156
997,2025-03-14 17:00:13.230000,0.91064453,0.28442383,0.19555664,-0.24414061,0.42724606,-0.61035156
998,2025-03-14 17:00:13.240000,0.9091797,0.2836914,0.19580078,-0.122070305,1.0986328,-0.7324218
999,2025-03-14 17:00:13.250000,0.9099121,0.28881836,0.20019531,-0.061035153,1.2207031,-0.8544921
